"di_id","donor_code","region_name","aid_type","year","value"
"AT",1,"unspecified","bilateral",2016,673130000
"AT",1,"north-of-sahara","bilateral",2016,6487621.91157347
"AT",1,"south-of-sahara","bilateral",2016,59482378.0884265
"AT",1,"north-central-america","bilateral",2016,22706050.4799147
"AT",1,"south-america","bilateral",2016,6673949.52008532
"AT",1,"far-east-asia","bilateral",2016,18522345.9265513
"AT",1,"south-central-asia","bilateral",2016,30705709.1599831
"AT",1,"europe","bilateral",2016,127670000
"AT",1,"middle-east","bilateral",2016,46421944.9134656
"AT",1,"oceania","bilateral",2016,750000
"BE",2,"unspecified","bilateral",2016,703990000
"BE",2,"north-of-sahara","bilateral",2016,27306251.4863258
"BE",2,"south-of-sahara","bilateral",2016,450233748.513674
"BE",2,"north-central-america","bilateral",2016,27240000
"BE",2,"south-america","bilateral",2016,54770000
"BE",2,"far-east-asia","bilateral",2016,29298631.8426287
"BE",2,"south-central-asia","bilateral",2016,13243901.8639947
"BE",2,"europe","bilateral",2016,73250000
"BE",2,"middle-east","bilateral",2016,93227466.2933766
"BE",2,"oceania","bilateral",2016,140000
"DK",3,"unspecified","bilateral",2016,974510000
"DK",3,"north-of-sahara","bilateral",2016,8622230.3760975
"DK",3,"south-of-sahara","bilateral",2016,458017769.623902
"DK",3,"north-central-america","bilateral",2016,6150000
"DK",3,"south-america","bilateral",2016,25140000
"DK",3,"far-east-asia","bilateral",2016,51251459.9341383
"DK",3,"south-central-asia","bilateral",2016,102826783.754116
"DK",3,"europe","bilateral",2016,27220000
"DK",3,"middle-east","bilateral",2016,131741756.311745
"DK",3,"oceania","bilateral",2016,20000
"FR",4,"unspecified","bilateral",2016,1419910000
"FR",4,"north-of-sahara","bilateral",2016,1022927625.77285
"FR",4,"south-of-sahara","bilateral",2016,2199412374.22715
"FR",4,"north-central-america","bilateral",2016,394253873.626913
"FR",4,"south-america","bilateral",2016,623536126.373087
"FR",4,"far-east-asia","bilateral",2016,586048559.581344
"FR",4,"south-central-asia","bilateral",2016,371683335.740227
"FR",4,"europe","bilateral",2016,265560000
"FR",4,"middle-east","bilateral",2016,444398104.678429
"FR",4,"oceania","bilateral",2016,98280000
"DE",5,"unspecified","bilateral",2016,9036050000
"DE",5,"north-of-sahara","bilateral",2016,1237064857.74223
"DE",5,"south-of-sahara","bilateral",2016,2770195142.25777
"DE",5,"north-central-america","bilateral",2016,643567009.950754
"DE",5,"south-america","bilateral",2016,1197652990.04925
"DE",5,"far-east-asia","bilateral",2016,1873298162.47036
"DE",5,"south-central-asia","bilateral",2016,1749825589.53454
"DE",5,"europe","bilateral",2016,996910000
"DE",5,"middle-east","bilateral",2016,2198856247.9951
"DE",5,"oceania","bilateral",2016,15760000
"IT",6,"unspecified","bilateral",2016,1786750000
"IT",6,"north-of-sahara","bilateral",2016,58019692.1118904
"IT",6,"south-of-sahara","bilateral",2016,321270307.88811
"IT",6,"north-central-america","bilateral",2016,14693780.9472551
"IT",6,"south-america","bilateral",2016,23516219.0527449
"IT",6,"far-east-asia","bilateral",2016,7562036.08941557
"IT",6,"south-central-asia","bilateral",2016,67388144.3576623
"IT",6,"europe","bilateral",2016,99390000
"IT",6,"middle-east","bilateral",2016,110749819.552922
"IT",6,"oceania","bilateral",2016,2200000
"NL",7,"unspecified","bilateral",2016,2166920000
"NL",7,"north-of-sahara","bilateral",2016,4937201.26619782
"NL",7,"south-of-sahara","bilateral",2016,663032798.733802
"NL",7,"north-central-america","bilateral",2016,3388311.14808652
"NL",7,"south-america","bilateral",2016,11421688.8519135
"NL",7,"far-east-asia","bilateral",2016,25892548.8334628
"NL",7,"south-central-asia","bilateral",2016,114599828.255804
"NL",7,"europe","bilateral",2016,131480000
"NL",7,"middle-east","bilateral",2016,214837622.910733
"NL",7,"oceania","bilateral",2016,120000
"NO",8,"unspecified","bilateral",2016,1866800000
"NO",8,"north-of-sahara","bilateral",2016,10486455.3589383
"NO",8,"south-of-sahara","bilateral",2016,627423544.641062
"NO",8,"north-central-america","bilateral",2016,30418970.0833742
"NO",8,"south-america","bilateral",2016,178981029.916626
"NO",8,"far-east-asia","bilateral",2016,93077779.8817258
"NO",8,"south-central-asia","bilateral",2016,201452379.759373
"NO",8,"europe","bilateral",2016,57390000
"NO",8,"middle-east","bilateral",2016,406529840.358901
"NO",8,"oceania","bilateral",2016,1390000
"PT",9,"unspecified","bilateral",2016,15110000
"PT",9,"north-of-sahara","bilateral",2016,8796116.30407809
"PT",9,"south-of-sahara","bilateral",2016,112453883.695922
"PT",9,"north-central-america","bilateral",2016,647308.781869688
"PT",9,"south-america","bilateral",2016,3922691.21813031
"PT",9,"far-east-asia","bilateral",2016,23564447.8527607
"PT",9,"south-central-asia","bilateral",2016,1220748.46625767
"PT",9,"europe","bilateral",2016,500000
"PT",9,"middle-east","bilateral",2016,7834803.6809816
"SE",10,"unspecified","bilateral",2016,1840680000
"SE",10,"north-of-sahara","bilateral",2016,15820201.8018018
"SE",10,"south-of-sahara","bilateral",2016,880119798.198198
"SE",10,"north-central-america","bilateral",2016,49379877.5334196
"SE",10,"south-america","bilateral",2016,67660122.4665804
"SE",10,"far-east-asia","bilateral",2016,53000236.8170569
"SE",10,"south-central-asia","bilateral",2016,231963034.075766
"SE",10,"europe","bilateral",2016,162850000
"SE",10,"middle-east","bilateral",2016,268976729.107177
"SE",10,"oceania","bilateral",2016,960000
"CH",11,"unspecified","bilateral",2016,1255220000
"CH",11,"north-of-sahara","bilateral",2016,57199998.5552004
"CH",11,"south-of-sahara","bilateral",2016,537360001.4448
"CH",11,"north-central-america","bilateral",2016,99584646.8211582
"CH",11,"south-america","bilateral",2016,124065353.178842
"CH",11,"far-east-asia","bilateral",2016,169712222.94232
"CH",11,"south-central-asia","bilateral",2016,301330721.654902
"CH",11,"europe","bilateral",2016,179730000
"CH",11,"middle-east","bilateral",2016,129567055.402778
"CH",11,"oceania","bilateral",2016,230000
"GB",12,"unspecified","bilateral",2016,4003330000
"GB",12,"north-of-sahara","bilateral",2016,65258147.6624808
"GB",12,"south-of-sahara","bilateral",2016,3829991852.33752
"GB",12,"north-central-america","bilateral",2016,199914737.121614
"GB",12,"south-america","bilateral",2016,127675262.878386
"GB",12,"far-east-asia","bilateral",2016,130802794.049532
"GB",12,"south-central-asia","bilateral",2016,1763222075.70013
"GB",12,"europe","bilateral",2016,210990000
"GB",12,"middle-east","bilateral",2016,1329715130.25034
"GB",12,"oceania","bilateral",2016,7760000
"FI",18,"unspecified","bilateral",2016,250250000
"FI",18,"north-of-sahara","bilateral",2016,5428867.27481423
"FI",18,"south-of-sahara","bilateral",2016,183361132.725186
"FI",18,"north-central-america","bilateral",2016,5141010.88646967
"FI",18,"south-america","bilateral",2016,8028989.11353033
"FI",18,"far-east-asia","bilateral",2016,23383733.5692619
"FI",18,"south-central-asia","bilateral",2016,89632469.6663296
"FI",18,"europe","bilateral",2016,21430000
"FI",18,"middle-east","bilateral",2016,50783796.7644085
"FI",18,"oceania","bilateral",2016,1360000
"IS",20,"unspecified","bilateral",2016,25970000
"IS",20,"north-of-sahara","bilateral",2016,140000
"IS",20,"south-of-sahara","bilateral",2016,14540000
"IS",20,"north-central-america","bilateral",2016,170000
"IS",20,"south-america","bilateral",2016,100000
"IS",20,"south-central-asia","bilateral",2016,640000
"IS",20,"europe","bilateral",2016,410000
"IS",20,"middle-east","bilateral",2016,5700000
"IE",21,"unspecified","bilateral",2016,105960000
"IE",21,"north-of-sahara","bilateral",2016,150191.463901077
"IE",21,"south-of-sahara","bilateral",2016,250869808.536099
"IE",21,"north-central-america","bilateral",2016,8220000
"IE",21,"south-america","bilateral",2016,3110000
"IE",21,"far-east-asia","bilateral",2016,13690000
"IE",21,"south-central-asia","bilateral",2016,8160000
"IE",21,"europe","bilateral",2016,7200000
"IE",21,"middle-east","bilateral",2016,29630000
"LU",22,"unspecified","bilateral",2016,57050000
"LU",22,"north-of-sahara","bilateral",2016,955624.572210815
"LU",22,"south-of-sahara","bilateral",2016,121784375.427789
"LU",22,"north-central-america","bilateral",2016,19170000
"LU",22,"south-america","bilateral",2016,5470000
"LU",22,"far-east-asia","bilateral",2016,26423601.7167382
"LU",22,"south-central-asia","bilateral",2016,13206798.2832618
"LU",22,"europe","bilateral",2016,13110000
"LU",22,"middle-east","bilateral",2016,18649600
"GR",40,"unspecified","bilateral",2016,148250000
"GR",40,"north-of-sahara","bilateral",2016,610000
"GR",40,"south-of-sahara","bilateral",2016,200000
"GR",40,"north-central-america","bilateral",2016,40000
"GR",40,"south-america","bilateral",2016,110000
"GR",40,"far-east-asia","bilateral",2016,12083.3333333333
"GR",40,"south-central-asia","bilateral",2016,120833.333333333
"GR",40,"europe","bilateral",2016,9360000
"GR",40,"middle-east","bilateral",2016,447083.333333333
"MT",45,"unspecified","bilateral",2016,7740000
"MT",45,"north-of-sahara","bilateral",2016,693103.448275862
"MT",45,"south-of-sahara","bilateral",2016,1106896.55172414
"MT",45,"north-central-america","bilateral",2016,40000
"MT",45,"south-america","bilateral",2016,30000
"MT",45,"far-east-asia","bilateral",2016,40000
"MT",45,"south-central-asia","bilateral",2016,80000
"MT",45,"europe","bilateral",2016,360000
"MT",45,"middle-east","bilateral",2016,540000
"ES",50,"unspecified","bilateral",2016,208530000
"ES",50,"north-of-sahara","bilateral",2016,38735106.2629302
"ES",50,"south-of-sahara","bilateral",2016,230064893.73707
"ES",50,"north-central-america","bilateral",2016,2239129653.10953
"ES",50,"south-america","bilateral",2016,97340346.890467
"ES",50,"far-east-asia","bilateral",2016,9193542.10830603
"ES",50,"south-central-asia","bilateral",2016,9633711.69782232
"ES",50,"europe","bilateral",2016,73910000
"ES",50,"middle-east","bilateral",2016,84992746.1938716
"ES",50,"oceania","bilateral",2016,20000
"TR",55,"unspecified","bilateral",2016,198100000
"TR",55,"north-of-sahara","bilateral",2016,19532147.7048821
"TR",55,"south-of-sahara","bilateral",2016,124287852.295118
"TR",55,"north-central-america","bilateral",2016,2135772.87066246
"TR",55,"south-america","bilateral",2016,4374227.12933754
"TR",55,"far-east-asia","bilateral",2016,13390304.9096868
"TR",55,"south-central-asia","bilateral",2016,191484360.276836
"TR",55,"europe","bilateral",2016,190410000
"TR",55,"middle-east","bilateral",2016,5943315334.81348
"TR",55,"oceania","bilateral",2016,500000
"SI",61,"unspecified","bilateral",2016,11780000
"SI",61,"north-of-sahara","bilateral",2016,91666.6666666667
"SI",61,"south-of-sahara","bilateral",2016,458333.333333333
"SI",61,"north-central-america","bilateral",2016,60000
"SI",61,"south-america","bilateral",2016,70000
"SI",61,"south-central-asia","bilateral",2016,100000
"SI",61,"europe","bilateral",2016,14650000
"SI",61,"middle-east","bilateral",2016,670000
"HR",62,"unspecified","bilateral",2016,3470000
"CZ",68,"unspecified","bilateral",2016,22540000
"CZ",68,"north-of-sahara","bilateral",2016,265880.452342488
"CZ",68,"south-of-sahara","bilateral",2016,6064119.54765751
"CZ",68,"north-central-america","bilateral",2016,260000
"CZ",68,"south-america","bilateral",2016,530000
"CZ",68,"far-east-asia","bilateral",2016,4000000
"CZ",68,"south-central-asia","bilateral",2016,7540000
"CZ",68,"europe","bilateral",2016,18960000
"CZ",68,"middle-east","bilateral",2016,11230000
"SK",69,"unspecified","bilateral",2016,15210000
"SK",69,"north-of-sahara","bilateral",2016,10000
"SK",69,"south-of-sahara","bilateral",2016,2440000
"SK",69,"north-central-america","bilateral",2016,440000
"SK",69,"south-america","bilateral",2016,110000
"SK",69,"far-east-asia","bilateral",2016,200000
"SK",69,"south-central-asia","bilateral",2016,820000
"SK",69,"europe","bilateral",2016,5710000
"SK",69,"middle-east","bilateral",2016,760000
"LI",70,"unspecified","bilateral",2016,18860000
"BG",72,"unspecified","bilateral",2016,8470000
"BG",72,"north-of-sahara","bilateral",2016,60000
"BG",72,"south-america","bilateral",2016,30000
"BG",72,"far-east-asia","bilateral",2016,30000
"BG",72,"south-central-asia","bilateral",2016,350000
"BG",72,"europe","bilateral",2016,2800000
"BG",72,"middle-east","bilateral",2016,470000
"HU",75,"unspecified","bilateral",2016,11160000
"HU",75,"north-of-sahara","bilateral",2016,2848893.2038835
"HU",75,"south-of-sahara","bilateral",2016,3421106.7961165
"HU",75,"north-central-america","bilateral",2016,120000
"HU",75,"south-america","bilateral",2016,780000
"HU",75,"far-east-asia","bilateral",2016,8870000
"HU",75,"south-central-asia","bilateral",2016,5850000
"HU",75,"europe","bilateral",2016,16910000
"HU",75,"middle-east","bilateral",2016,4820000
"PL",76,"unspecified","bilateral",2016,9290000
"PL",76,"north-of-sahara","bilateral",2016,192921.989333995
"PL",76,"south-of-sahara","bilateral",2016,81677078.010666
"PL",76,"north-central-america","bilateral",2016,50000
"PL",76,"south-america","bilateral",2016,260000
"PL",76,"far-east-asia","bilateral",2016,1800000
"PL",76,"south-central-asia","bilateral",2016,4180000
"PL",76,"europe","bilateral",2016,64640000
"PL",76,"middle-east","bilateral",2016,12410000
"PL",76,"oceania","bilateral",2016,20000
"RO",77,"unspecified","bilateral",2016,1550000
"RO",77,"north-of-sahara","bilateral",2016,587191.011235955
"RO",77,"south-of-sahara","bilateral",2016,1422808.98876404
"RO",77,"north-central-america","bilateral",2016,100000
"RO",77,"south-america","bilateral",2016,50000
"RO",77,"far-east-asia","bilateral",2016,230000
"RO",77,"south-central-asia","bilateral",2016,1230000
"RO",77,"europe","bilateral",2016,102250000
"RO",77,"middle-east","bilateral",2016,2040000
"RO",77,"oceania","bilateral",2016,0
"EE",82,"unspecified","bilateral",2016,6360000
"EE",82,"north-of-sahara","bilateral",2016,75000
"EE",82,"south-of-sahara","bilateral",2016,525000
"EE",82,"north-central-america","bilateral",2016,150000
"EE",82,"south-america","bilateral",2016,50000
"EE",82,"south-central-asia","bilateral",2016,2490000
"EE",82,"europe","bilateral",2016,7340000
"EE",82,"middle-east","bilateral",2016,1580000
"EE",82,"oceania","bilateral",2016,20000
"LV",83,"unspecified","bilateral",2016,1230000
"LV",83,"north-central-america","bilateral",2016,10000
"LV",83,"south-america","bilateral",2016,10000
"LV",83,"far-east-asia","bilateral",2016,30000
"LV",83,"south-central-asia","bilateral",2016,370000
"LV",83,"europe","bilateral",2016,1750000
"LT",84,"unspecified","bilateral",2016,4690000
"LT",84,"south-of-sahara","bilateral",2016,20000
"LT",84,"north-central-america","bilateral",2016,20000
"LT",84,"south-america","bilateral",2016,30000
"LT",84,"far-east-asia","bilateral",2016,150000
"LT",84,"south-central-asia","bilateral",2016,430000
"LT",84,"europe","bilateral",2016,8360000
"LT",84,"middle-east","bilateral",2016,160000
"LT",84,"oceania","bilateral",2016,10000
"RU",87,"unspecified","bilateral",2016,14030000
"RU",87,"south-of-sahara","bilateral",2016,37490000
"RU",87,"north-central-america","bilateral",2016,364040000
"RU",87,"south-america","bilateral",2016,480000
"RU",87,"far-east-asia","bilateral",2016,59200000
"RU",87,"south-central-asia","bilateral",2016,253890000
"RU",87,"europe","bilateral",2016,21830000
"RU",87,"middle-east","bilateral",2016,12850000
"RU",87,"oceania","bilateral",2016,3310000
"nordic-dev-fund",104,"unspecified","bilateral",2016,920000
"nordic-dev-fund",104,"south-of-sahara","bilateral",2016,15060000
"nordic-dev-fund",104,"north-central-america","bilateral",2016,11650000
"nordic-dev-fund",104,"far-east-asia","bilateral",2016,2740000
"nordic-dev-fund",104,"south-central-asia","bilateral",2016,8870000
"CA",301,"unspecified","bilateral",2016,485760000
"CA",301,"north-of-sahara","bilateral",2016,25886061.3748041
"CA",301,"south-of-sahara","bilateral",2016,955743938.625196
"CA",301,"north-central-america","bilateral",2016,230102588.861433
"CA",301,"south-america","bilateral",2016,151347411.138567
"CA",301,"far-east-asia","bilateral",2016,105050266.059042
"CA",301,"south-central-asia","bilateral",2016,298109367.690916
"CA",301,"europe","bilateral",2016,85290000
"CA",301,"middle-east","bilateral",2016,363910366.250042
"CA",301,"oceania","bilateral",2016,2730000
"US",302,"unspecified","bilateral",2016,9295100000
"US",302,"north-of-sahara","bilateral",2016,250400000
"US",302,"south-of-sahara","bilateral",2016,9942990000
"US",302,"north-central-america","bilateral",2016,1402183514.41181
"US",302,"south-america","bilateral",2016,536616485.588187
"US",302,"far-east-asia","bilateral",2016,1039965046.51656
"US",302,"south-central-asia","bilateral",2016,3112330259.578
"US",302,"europe","bilateral",2016,540470000
"US",302,"middle-east","bilateral",2016,3052564693.90544
"US",302,"oceania","bilateral",2016,66140000
"IL",546,"unspecified","bilateral",2016,106950000
"IL",546,"north-of-sahara","bilateral",2016,130000
"IL",546,"south-of-sahara","bilateral",2016,5090000
"IL",546,"north-central-america","bilateral",2016,1980000
"IL",546,"south-america","bilateral",2016,6550000
"IL",546,"far-east-asia","bilateral",2016,2570000
"IL",546,"south-central-asia","bilateral",2016,7140000
"IL",546,"europe","bilateral",2016,12360000
"IL",546,"middle-east","bilateral",2016,112510000
"IL",546,"oceania","bilateral",2016,420000
"KW",552,"unspecified","bilateral",2016,2550000
"KW",552,"north-of-sahara","bilateral",2016,382950000
"KW",552,"south-of-sahara","bilateral",2016,205330000
"KW",552,"north-central-america","bilateral",2016,25390000
"KW",552,"south-america","bilateral",2016,5240000
"KW",552,"far-east-asia","bilateral",2016,53400000
"KW",552,"south-central-asia","bilateral",2016,115950000
"KW",552,"europe","bilateral",2016,12160000
"KW",552,"middle-east","bilateral",2016,550530000
"KW",552,"oceania","bilateral",2016,620000
"AE",576,"unspecified","bilateral",2016,146350000
"AE",576,"north-of-sahara","bilateral",2016,2314593430.83995
"AE",576,"south-of-sahara","bilateral",2016,198266569.16005
"AE",576,"north-central-america","bilateral",2016,920000
"AE",576,"south-america","bilateral",2016,230000
"AE",576,"far-east-asia","bilateral",2016,4350000
"AE",576,"south-central-asia","bilateral",2016,135610000
"AE",576,"europe","bilateral",2016,221500000
"AE",576,"middle-east","bilateral",2016,1394980000
"AE",576,"oceania","bilateral",2016,3590000
"AZ",611,"unspecified","bilateral",2016,3720000
"AZ",611,"south-of-sahara","bilateral",2016,170000
"AZ",611,"south-central-asia","bilateral",2016,250000
"KZ",613,"unspecified","bilateral",2016,11710000
"KZ",613,"south-central-asia","bilateral",2016,1700000
"JP",701,"unspecified","bilateral",2016,1966440000
"JP",701,"north-of-sahara","bilateral",2016,502020867.69749
"JP",701,"south-of-sahara","bilateral",2016,1416819132.30251
"JP",701,"north-central-america","bilateral",2016,201196222.314677
"JP",701,"south-america","bilateral",2016,223643777.685323
"JP",701,"far-east-asia","bilateral",2016,3241172330.21767
"JP",701,"south-central-asia","bilateral",2016,4086148513.41747
"JP",701,"europe","bilateral",2016,515890000
"JP",701,"middle-east","bilateral",2016,1105349156.36486
"JP",701,"oceania","bilateral",2016,180750000
"TW",732,"unspecified","bilateral",2016,294670000
"TW",732,"north-central-america","bilateral",2016,2770000
"TW",732,"oceania","bilateral",2016,8570000
"KR",742,"unspecified","bilateral",2016,236210000
"KR",742,"north-of-sahara","bilateral",2016,17920272.6898788
"KR",742,"south-of-sahara","bilateral",2016,403129727.310121
"KR",742,"north-central-america","bilateral",2016,65494178.7941788
"KR",742,"south-america","bilateral",2016,77475821.2058212
"KR",742,"far-east-asia","bilateral",2016,477298412.180393
"KR",742,"south-central-asia","bilateral",2016,258684889.117307
"KR",742,"europe","bilateral",2016,6020000
"KR",742,"middle-east","bilateral",2016,71356698.7022999
"KR",742,"oceania","bilateral",2016,8850000
"TH",764,"unspecified","bilateral",2016,910000
"TH",764,"north-of-sahara","bilateral",2016,100000
"TH",764,"south-of-sahara","bilateral",2016,1710000
"TH",764,"north-central-america","bilateral",2016,350000
"TH",764,"south-america","bilateral",2016,280000
"TH",764,"far-east-asia","bilateral",2016,38681129.081477
"TH",764,"south-central-asia","bilateral",2016,26968394.8733598
"TH",764,"europe","bilateral",2016,10000
"TH",764,"middle-east","bilateral",2016,130476.045163259
"TH",764,"oceania","bilateral",2016,600000
"AU",801,"unspecified","bilateral",2016,629620000
"AU",801,"north-of-sahara","bilateral",2016,601720.990873533
"AU",801,"south-of-sahara","bilateral",2016,76318279.0091265
"AU",801,"north-central-america","bilateral",2016,5320000
"AU",801,"south-america","bilateral",2016,2420000
"AU",801,"far-east-asia","bilateral",2016,547093096.439151
"AU",801,"south-central-asia","bilateral",2016,225814154.778578
"AU",801,"europe","bilateral",2016,880000
"AU",801,"middle-east","bilateral",2016,70542748.7822714
"AU",801,"oceania","bilateral",2016,735040000
"unep",807,"south-of-sahara","bilateral",2016,73400000
"unep",807,"north-central-america","bilateral",2016,1200000
"unep",807,"south-america","bilateral",2016,90000
"gef",811,"unspecified","bilateral",2016,125620000
"gef",811,"north-of-sahara","bilateral",2016,23360727.3073445
"gef",811,"south-of-sahara","bilateral",2016,233999272.692656
"gef",811,"north-central-america","bilateral",2016,65873711.927982
"gef",811,"south-america","bilateral",2016,96556288.072018
"gef",811,"far-east-asia","bilateral",2016,129176045.033594
"gef",811,"south-central-asia","bilateral",2016,103258770.201562
"gef",811,"europe","bilateral",2016,35700000
"gef",811,"middle-east","bilateral",2016,11855184.7648447
"gef",811,"oceania","bilateral",2016,25380000
"NZ",820,"unspecified","bilateral",2016,46100000
"NZ",820,"north-of-sahara","bilateral",2016,88063.6604774536
"NZ",820,"south-of-sahara","bilateral",2016,8211936.33952255
"NZ",820,"north-central-america","bilateral",2016,2210000
"NZ",820,"south-america","bilateral",2016,3610000
"NZ",820,"far-east-asia","bilateral",2016,50427073.0586614
"NZ",820,"south-central-asia","bilateral",2016,14678302.9560423
"NZ",820,"europe","bilateral",2016,10000
"NZ",820,"middle-east","bilateral",2016,5154623.98529637
"NZ",820,"oceania","bilateral",2016,230290000
"ida",905,"south-of-sahara","bilateral",2016,6459150000
"ida",905,"north-central-america","bilateral",2016,153090000
"ida",905,"south-america","bilateral",2016,72840000
"ida",905,"far-east-asia","bilateral",2016,841220000
"ida",905,"south-central-asia","bilateral",2016,4428850000
"ida",905,"europe","bilateral",2016,110260000
"ida",905,"middle-east","bilateral",2016,93370000
"ida",905,"oceania","bilateral",2016,95280000
"cardb",906,"north-central-america","bilateral",2016,27000000
"cardb",906,"south-america","bilateral",2016,6780000
"idb-special-fund",912,"north-central-america","bilateral",2016,517310000
"idb-special-fund",912,"south-america","bilateral",2016,459780000
"afdb",913,"north-of-sahara","bilateral",2016,5135826.621853
"afdb",913,"south-of-sahara","bilateral",2016,155234173.378147
"afdf",914,"south-of-sahara","bilateral",2016,2131810000
"asdb-special-funds",916,"far-east-asia","bilateral",2016,712373397.641765
"asdb-special-funds",916,"south-central-asia","bilateral",2016,1924126602.35824
"asdb-special-funds",916,"oceania","bilateral",2016,107230000
"EU",918,"unspecified","bilateral",2016,1323830000
"EU",918,"north-of-sahara","bilateral",2016,1820817012.89134
"EU",918,"south-of-sahara","bilateral",2016,5000992987.10866
"EU",918,"north-central-america","bilateral",2016,642301539.614259
"EU",918,"south-america","bilateral",2016,528958460.385741
"EU",918,"far-east-asia","bilateral",2016,453943699.039926
"EU",918,"south-central-asia","bilateral",2016,1752527819.88077
"EU",918,"europe","bilateral",2016,5486960000
"EU",918,"middle-east","bilateral",2016,1545878481.0793
"EU",918,"oceania","bilateral",2016,71350000
"arab-fund-afesd",921,"unspecified","bilateral",2016,10050000
"arab-fund-afesd",921,"north-of-sahara","bilateral",2016,322680000
"arab-fund-afesd",921,"south-of-sahara","bilateral",2016,150640000
"arab-fund-afesd",921,"middle-east","bilateral",2016,75680000
"unpbf",923,"south-of-sahara","bilateral",2016,35850000
"unpbf",923,"north-central-america","bilateral",2016,340000
"unpbf",923,"south-america","bilateral",2016,80000
"unpbf",923,"far-east-asia","bilateral",2016,1100000
"unpbf",923,"south-central-asia","bilateral",2016,12080000
"unpbf",923,"middle-east","bilateral",2016,1190000
"unpbf",923,"oceania","bilateral",2016,3410000
"who",928,"unspecified","bilateral",2016,209400000
"who",928,"north-of-sahara","bilateral",2016,8132722.42940863
"who",928,"south-of-sahara","bilateral",2016,106427277.570591
"who",928,"far-east-asia","bilateral",2016,42390000
"who",928,"south-central-asia","bilateral",2016,62570000
"who",928,"europe","bilateral",2016,26220000
"who",928,"middle-east","bilateral",2016,34180000
"who",928,"oceania","bilateral",2016,9440000
"international-labour-organisation",940,"unspecified","bilateral",2016,114580000
"international-labour-organisation",940,"north-of-sahara","bilateral",2016,3991165.54594941
"international-labour-organisation",940,"south-of-sahara","bilateral",2016,37418834.4540506
"international-labour-organisation",940,"north-central-america","bilateral",2016,15283611.3657195
"international-labour-organisation",940,"south-america","bilateral",2016,15796388.6342805
"international-labour-organisation",940,"far-east-asia","bilateral",2016,11062797.8660344
"international-labour-organisation",940,"south-central-asia","bilateral",2016,16726307.0539419
"international-labour-organisation",940,"europe","bilateral",2016,5410000
"international-labour-organisation",940,"middle-east","bilateral",2016,10970895.0800237
"international-labour-organisation",940,"oceania","bilateral",2016,8380000
"iaea",944,"unspecified","bilateral",2016,5430000
"iaea",944,"north-of-sahara","bilateral",2016,3300476.556495
"iaea",944,"south-of-sahara","bilateral",2016,19539523.443505
"iaea",944,"north-central-america","bilateral",2016,3900000
"iaea",944,"south-america","bilateral",2016,11780000
"iaea",944,"far-east-asia","bilateral",2016,6469079.53529937
"iaea",944,"south-central-asia","bilateral",2016,9217158.1769437
"iaea",944,"europe","bilateral",2016,7990000
"iaea",944,"middle-east","bilateral",2016,3413762.28775693
"iaea",944,"oceania","bilateral",2016,510000
"unece",948,"south-central-asia","bilateral",2016,110000
"unece",948,"europe","bilateral",2016,13860000
"ofid",951,"unspecified","bilateral",2016,2880000
"ofid",951,"north-of-sahara","bilateral",2016,31630000
"ofid",951,"south-of-sahara","bilateral",2016,149520000
"ofid",951,"north-central-america","bilateral",2016,78830000
"ofid",951,"south-america","bilateral",2016,13970000
"ofid",951,"far-east-asia","bilateral",2016,44978266.1026038
"ofid",951,"south-central-asia","bilateral",2016,115125925.043198
"ofid",951,"europe","bilateral",2016,21980000
"ofid",951,"middle-east","bilateral",2016,8055808.8541977
"ofid",951,"oceania","bilateral",2016,5450000
"imf-concessional-trust-funds",958,"south-of-sahara","bilateral",2016,847220000
"imf-concessional-trust-funds",958,"north-central-america","bilateral",2016,48250000
"imf-concessional-trust-funds",958,"south-central-asia","bilateral",2016,32700000
"imf-concessional-trust-funds",958,"europe","bilateral",2016,12090000
"imf-concessional-trust-funds",958,"oceania","bilateral",2016,410000
"undp",959,"unspecified","bilateral",2016,42080000
"undp",959,"north-of-sahara","bilateral",2016,2363483.88592627
"undp",959,"south-of-sahara","bilateral",2016,220206516.114074
"undp",959,"north-central-america","bilateral",2016,9398559.5567867
"undp",959,"south-america","bilateral",2016,6681440.4432133
"undp",959,"far-east-asia","bilateral",2016,21609663.1823461
"undp",959,"south-central-asia","bilateral",2016,58828636.4692218
"undp",959,"europe","bilateral",2016,7270000
"undp",959,"middle-east","bilateral",2016,9881700.34843206
"undp",959,"oceania","bilateral",2016,5230000
"unicef",963,"unspecified","bilateral",2016,569100000
"unicef",963,"north-of-sahara","bilateral",2016,7280000
"unicef",963,"south-of-sahara","bilateral",2016,544380000
"unicef",963,"north-central-america","bilateral",2016,19449073.8569754
"unicef",963,"south-america","bilateral",2016,18710926.1430246
"unicef",963,"far-east-asia","bilateral",2016,38550000
"unicef",963,"south-central-asia","bilateral",2016,201630000
"unicef",963,"europe","bilateral",2016,9080000
"unicef",963,"middle-east","bilateral",2016,28450000
"unicef",963,"oceania","bilateral",2016,8170000
"unrwa",964,"middle-east","bilateral",2016,716530000
"wfp",966,"unspecified","bilateral",2016,27170000
"wfp",966,"north-of-sahara","bilateral",2016,8260000
"wfp",966,"south-of-sahara","bilateral",2016,160210000
"wfp",966,"north-central-america","bilateral",2016,16870000
"wfp",966,"south-america","bilateral",2016,1580000
"wfp",966,"far-east-asia","bilateral",2016,8970000
"wfp",966,"south-central-asia","bilateral",2016,19350000
"wfp",966,"europe","bilateral",2016,10210000
"wfp",966,"middle-east","bilateral",2016,55070000
"unhcr",967,"unspecified","bilateral",2016,219210000
"unhcr",967,"north-of-sahara","bilateral",2016,14370000
"unhcr",967,"south-of-sahara","bilateral",2016,92240000
"unhcr",967,"north-central-america","bilateral",2016,10280000
"unhcr",967,"south-america","bilateral",2016,26040000
"unhcr",967,"far-east-asia","bilateral",2016,13900000
"unhcr",967,"south-central-asia","bilateral",2016,67130000
"unhcr",967,"europe","bilateral",2016,27480000
"unhcr",967,"middle-east","bilateral",2016,32470000
"unaids",971,"unspecified","bilateral",2016,116190000
"unaids",971,"north-of-sahara","bilateral",2016,886981.078791302
"unaids",971,"south-of-sahara","bilateral",2016,38373018.9212087
"unaids",971,"north-central-america","bilateral",2016,3760000
"unaids",971,"south-america","bilateral",2016,6150000
"unaids",971,"far-east-asia","bilateral",2016,5802734.73108478
"unaids",971,"south-central-asia","bilateral",2016,6255241.56791249
"unaids",971,"europe","bilateral",2016,3860000
"unaids",971,"middle-east","bilateral",2016,2542023.70100273
"unaids",971,"oceania","bilateral",2016,1650000
"unfpa",974,"unspecified","bilateral",2016,27060000
"unfpa",974,"north-of-sahara","bilateral",2016,3700000
"unfpa",974,"south-of-sahara","bilateral",2016,119570000
"unfpa",974,"north-central-america","bilateral",2016,14830000
"unfpa",974,"south-america","bilateral",2016,6920000
"unfpa",974,"far-east-asia","bilateral",2016,23121659.4375262
"unfpa",974,"south-central-asia","bilateral",2016,42904776.8294389
"unfpa",974,"europe","bilateral",2016,3890000
"unfpa",974,"middle-east","bilateral",2016,14583563.7330348
"unfpa",974,"oceania","bilateral",2016,1410000
"islamic-dev-bank",976,"north-of-sahara","bilateral",2016,8020000
"islamic-dev-bank",976,"south-of-sahara","bilateral",2016,164450000
"islamic-dev-bank",976,"south-america","bilateral",2016,860000
"islamic-dev-bank",976,"far-east-asia","bilateral",2016,9060000
"islamic-dev-bank",976,"south-central-asia","bilateral",2016,63750000
"islamic-dev-bank",976,"europe","bilateral",2016,3760000
"islamic-dev-bank",976,"middle-east","bilateral",2016,97190000
"islamic-dev-bank",976,"oceania","bilateral",2016,470000
"osce",978,"unspecified","bilateral",2016,37050000
"osce",978,"south-central-asia","bilateral",2016,22610000
"osce",978,"europe","bilateral",2016,52780000
"ifad",988,"north-of-sahara","bilateral",2016,20990000
"ifad",988,"south-of-sahara","bilateral",2016,311330000
"ifad",988,"north-central-america","bilateral",2016,15650000
"ifad",988,"south-america","bilateral",2016,5650000
"ifad",988,"far-east-asia","bilateral",2016,59060000
"ifad",988,"south-central-asia","bilateral",2016,175550000
"ifad",988,"europe","bilateral",2016,4460000
"ifad",988,"middle-east","bilateral",2016,600000
"ifad",988,"oceania","bilateral",2016,5680000
"cif",1011,"north-of-sahara","bilateral",2016,17480000
"cif",1011,"south-of-sahara","bilateral",2016,22530000
"cif",1011,"north-central-america","bilateral",2016,10190000
"cif",1011,"south-america","bilateral",2016,1120000
"adaptation-fund",1012,"north-of-sahara","bilateral",2016,2030000
"adaptation-fund",1012,"south-of-sahara","bilateral",2016,11940000
"adaptation-fund",1012,"north-central-america","bilateral",2016,3850000
"adaptation-fund",1012,"south-america","bilateral",2016,9370000
"adaptation-fund",1012,"far-east-asia","bilateral",2016,2790000
"adaptation-fund",1012,"south-central-asia","bilateral",2016,4250000
"adaptation-fund",1012,"oceania","bilateral",2016,5270000
"ceb",1013,"europe","bilateral",2016,100020000
"dutch-postcode-lottery",1020,"unspecified","bilateral",2016,189490000
"dutch-postcode-lottery",1020,"south-of-sahara","bilateral",2016,12400000
"dutch-postcode-lottery",1020,"south-america","bilateral",2016,16390000
"dutch-postcode-lottery",1020,"south-central-asia","bilateral",2016,2410000
"dutch-postcode-lottery",1020,"europe","bilateral",2016,550000
"swedish-postcode-lottery",1021,"unspecified","bilateral",2016,72050000
"swedish-postcode-lottery",1021,"south-of-sahara","bilateral",2016,3620000
"swedish-postcode-lottery",1021,"far-east-asia","bilateral",2016,820000
"swedish-postcode-lottery",1021,"south-central-asia","bilateral",2016,2920000
"peoples-postcode-lottery",1022,"unspecified","bilateral",2016,18100000
"peoples-postcode-lottery",1022,"south-of-sahara","bilateral",2016,3340000
"world-tourism-organisation",1023,"unspecified","bilateral",2016,9740000
"world-tourism-organisation",1023,"south-of-sahara","bilateral",2016,840000
"world-tourism-organisation",1023,"north-central-america","bilateral",2016,550000
"world-tourism-organisation",1023,"far-east-asia","bilateral",2016,110370.37037037
"world-tourism-organisation",1023,"south-central-asia","bilateral",2016,82777.7777777778
"world-tourism-organisation",1023,"europe","bilateral",2016,390000
"world-tourism-organisation",1023,"middle-east","bilateral",2016,1296851.85185185
"gavi",1311,"unspecified","bilateral",2016,87560000
"gavi",1311,"south-of-sahara","bilateral",2016,754590000
"gavi",1311,"north-central-america","bilateral",2016,8500000
"gavi",1311,"south-america","bilateral",2016,1820000
"gavi",1311,"far-east-asia","bilateral",2016,35190000
"gavi",1311,"south-central-asia","bilateral",2016,426700000
"gavi",1311,"europe","bilateral",2016,30000
"gavi",1311,"middle-east","bilateral",2016,22460000
"gavi",1311,"oceania","bilateral",2016,1990000
"global-fund",1312,"north-of-sahara","bilateral",2016,9886838.89814456
"global-fund",1312,"south-of-sahara","bilateral",2016,2647853161.10186
"global-fund",1312,"north-central-america","bilateral",2016,83317494.2304278
"global-fund",1312,"south-america","bilateral",2016,31812505.7695722
"global-fund",1312,"far-east-asia","bilateral",2016,250070000
"global-fund",1312,"south-central-asia","bilateral",2016,447160000
"global-fund",1312,"europe","bilateral",2016,80140000
"global-fund",1312,"middle-east","bilateral",2016,18690000
"global-fund",1312,"oceania","bilateral",2016,29430000
"gggi",1313,"unspecified","bilateral",2016,8120000
"gggi",1313,"north-of-sahara","bilateral",2016,210000
"gggi",1313,"south-of-sahara","bilateral",2016,4060000
"gggi",1313,"north-central-america","bilateral",2016,570000
"gggi",1313,"south-america","bilateral",2016,1220000
"gggi",1313,"far-east-asia","bilateral",2016,7840000
"gggi",1313,"south-central-asia","bilateral",2016,600000
"gggi",1313,"middle-east","bilateral",2016,640000
"gggi",1313,"oceania","bilateral",2016,690000
"bmgf",1601,"unspecified","bilateral",2016,1650490000
"bmgf",1601,"north-of-sahara","bilateral",2016,633657.633714584
"bmgf",1601,"south-of-sahara","bilateral",2016,970406342.366285
"bmgf",1601,"north-central-america","bilateral",2016,21463570.8003518
"bmgf",1601,"south-america","bilateral",2016,24066429.1996482
"bmgf",1601,"far-east-asia","bilateral",2016,48441697.9778505
"bmgf",1601,"south-central-asia","bilateral",2016,394734376.765458
"bmgf",1601,"europe","bilateral",2016,8910000
"bmgf",1601,"middle-east","bilateral",2016,20313925.2566919
"bmgf",1601,"oceania","bilateral",2016,1410000
"dac-countries-total",20001,"unspecified","bilateral",2016,39267620000
"dac-countries-total",20001,"north-of-sahara","bilateral",2016,3270337901.69816
"dac-countries-total",20001,"south-of-sahara","bilateral",2016,26706012098.3018
"dac-countries-total",20001,"north-central-america","bilateral",2016,5740117568.11444
"dac-countries-total",20001,"south-america","bilateral",2016,3487172431.88556
"dac-countries-total",20001,"far-east-asia","bilateral",2016,8623453641.63672
"dac-countries-total",20001,"south-central-asia","bilateral",2016,13098823659.979
"dac-countries-total",20001,"europe","bilateral",2016,3727810000
"dac-countries-total",20001,"middle-east","bilateral",2016,10245272698.3842
"dac-countries-total",20001,"oceania","bilateral",2016,1352800000
"multilateral-total",20002,"unspecified","bilateral",2016,2936010000
"multilateral-total",20002,"north-of-sahara","bilateral",2016,2252453959.51129
"multilateral-total",20002,"south-of-sahara","bilateral",2016,20570896040.4887
"multilateral-total",20002,"north-central-america","bilateral",2016,1789114502.60699
"multilateral-total",20002,"south-america","bilateral",2016,1333435497.39301
"multilateral-total",20002,"far-east-asia","bilateral",2016,2706012403.48751
"multilateral-total",20002,"south-central-asia","bilateral",2016,10018953927.8675
"multilateral-total",20002,"europe","bilateral",2016,6023810000
"multilateral-total",20002,"middle-east","bilateral",2016,2789053668.64496
"multilateral-total",20002,"oceania","bilateral",2016,386850000
"g7-countries-total",20003,"unspecified","bilateral",2016,27993340000
"g7-countries-total",20003,"north-of-sahara","bilateral",2016,3069063372.42341
"g7-countries-total",20003,"south-of-sahara","bilateral",2016,21528936627.5766
"g7-countries-total",20003,"north-central-america","bilateral",2016,3100136297.60873
"g7-countries-total",20003,"south-america","bilateral",2016,2869763702.39127
"g7-countries-total",20003,"far-east-asia","bilateral",2016,7006971315.74563
"g7-countries-total",20003,"south-central-asia","bilateral",2016,11462670589.9215
"g7-countries-total",20003,"europe","bilateral",2016,2714500000
"g7-countries-total",20003,"middle-east","bilateral",2016,8568518094.33289
"g7-countries-total",20003,"oceania","bilateral",2016,373610000
"dac-eu-members-and-ec-total",20004,"unspecified","bilateral",2016,24784220000
"dac-eu-members-and-ec-total",20004,"north-of-sahara","bilateral",2016,4313180844.00931
"dac-eu-members-and-ec-total",20004,"south-of-sahara","bilateral",2016,17637659155.9907
"dac-eu-members-and-ec-total",20004,"north-central-america","bilateral",2016,4347447190.04656
"dac-eu-members-and-ec-total",20004,"south-america","bilateral",2016,2716182809.95344
"dac-eu-members-and-ec-total",20004,"far-east-asia","bilateral",2016,3341674544.18889
"dac-eu-members-and-ec-total",20004,"south-central-asia","bilateral",2016,6336356572.64454
"dac-eu-members-and-ec-total",20004,"europe","bilateral",2016,7828660000
"dac-eu-members-and-ec-total",20004,"middle-east","bilateral",2016,6608188883.16657
"dac-eu-members-and-ec-total",20004,"oceania","bilateral",2016,198730000
"all-donors-total",20005,"unspecified","bilateral",2016,43034970000
"all-donors-total",20005,"north-of-sahara","bilateral",2016,8372402622.72606
"all-donors-total",20005,"south-of-sahara","bilateral",2016,47721417377.2739
"all-donors-total",20005,"north-central-america","bilateral",2016,7933566748.30717
"all-donors-total",20005,"south-america","bilateral",2016,4831533251.69283
"all-donors-total",20005,"far-east-asia","bilateral",2016,11458229033.7852
"all-donors-total",20005,"south-central-asia","bilateral",2016,23825004556.7926
"all-donors-total",20005,"europe","bilateral",2016,10332750000
"all-donors-total",20005,"middle-east","bilateral",2016,21127476409.4222
"all-donors-total",20005,"oceania","bilateral",2016,1757300000
"non-dac-countries-total",20006,"unspecified","bilateral",2016,831340000
"non-dac-countries-total",20006,"north-of-sahara","bilateral",2016,2726567926.30659
"non-dac-countries-total",20006,"south-of-sahara","bilateral",2016,567552073.693413
"non-dac-countries-total",20006,"north-central-america","bilateral",2016,400053214.832083
"non-dac-countries-total",20006,"south-america","bilateral",2016,15216785.1679172
"non-dac-countries-total",20006,"far-east-asia","bilateral",2016,171969081.55916
"non-dac-countries-total",20006,"south-central-asia","bilateral",2016,736834605.533607
"non-dac-countries-total",20006,"europe","bilateral",2016,581130000
"non-dac-countries-total",20006,"middle-east","bilateral",2016,8020336312.90723
"non-dac-countries-total",20006,"oceania","bilateral",2016,17640000
"dac-eu-members-total",20011,"unspecified","bilateral",2016,23460400000
"dac-eu-members-total",20011,"north-of-sahara","bilateral",2016,2504660872.30493
"dac-eu-members-total",20011,"south-of-sahara","bilateral",2016,12624379127.6951
"dac-eu-members-total",20011,"north-central-america","bilateral",2016,3706658164.10694
"dac-eu-members-total",20011,"south-america","bilateral",2016,2185701835.89306
"dac-eu-members-total",20011,"far-east-asia","bilateral",2016,2892217350.31265
"dac-eu-members-total",20011,"south-central-asia","bilateral",2016,4579673784.88469
"dac-eu-members-total",20011,"europe","bilateral",2016,2341700000
"dac-eu-members-total",20011,"middle-east","bilateral",2016,5061978864.80265
"dac-eu-members-total",20011,"oceania","bilateral",2016,127380000
"world-bank-group",20012,"south-of-sahara","bilateral",2016,6459150000
"world-bank-group",20012,"north-central-america","bilateral",2016,153090000
"world-bank-group",20012,"south-america","bilateral",2016,72840000
"world-bank-group",20012,"far-east-asia","bilateral",2016,841220000
"world-bank-group",20012,"south-central-asia","bilateral",2016,4428850000
"world-bank-group",20012,"europe","bilateral",2016,110260000
"world-bank-group",20012,"middle-east","bilateral",2016,93370000
"world-bank-group",20012,"oceania","bilateral",2016,95280000
"international-monetary-fund-total",20013,"south-of-sahara","bilateral",2016,847220000
"international-monetary-fund-total",20013,"north-central-america","bilateral",2016,48250000
"international-monetary-fund-total",20013,"south-central-asia","bilateral",2016,32700000
"international-monetary-fund-total",20013,"europe","bilateral",2016,12090000
"international-monetary-fund-total",20013,"oceania","bilateral",2016,410000
"inter-american-development-bank-total",20014,"north-central-america","bilateral",2016,517310000
"inter-american-development-bank-total",20014,"south-america","bilateral",2016,459780000
"asian-development-bank-total",20015,"far-east-asia","bilateral",2016,712373397.641765
"asian-development-bank-total",20015,"south-central-asia","bilateral",2016,1924126602.35824
"asian-development-bank-total",20015,"oceania","bilateral",2016,107230000
"african-development-bank-total",20016,"north-of-sahara","bilateral",2016,6314152.77535347
"african-development-bank-total",20016,"south-of-sahara","bilateral",2016,2285885847.22465
"united-nations-total",20021,"unspecified","bilateral",2016,1339970000
"united-nations-total",20021,"north-of-sahara","bilateral",2016,70638767.1823744
"united-nations-total",20021,"south-of-sahara","bilateral",2016,1762411232.81763
"united-nations-total",20021,"north-central-america","bilateral",2016,130813602.284898
"united-nations-total",20021,"south-america","bilateral",2016,115926397.715102
"united-nations-total",20021,"far-east-asia","bilateral",2016,227313134.216306
"united-nations-total",20021,"south-central-asia","bilateral",2016,670262183.452109
"united-nations-total",20021,"europe","bilateral",2016,120120000
"united-nations-total",20021,"middle-east","bilateral",2016,922724682.331585
"united-nations-total",20021,"oceania","bilateral",2016,43890000
"regional-development-banks-total",20022,"north-of-sahara","bilateral",2016,16060444.6715692
"regional-development-banks-total",20022,"south-of-sahara","bilateral",2016,2448609555.32843
"regional-development-banks-total",20022,"north-central-america","bilateral",2016,544310000
"regional-development-banks-total",20022,"south-america","bilateral",2016,467420000
"regional-development-banks-total",20022,"far-east-asia","bilateral",2016,720512774.339595
"regional-development-banks-total",20022,"south-central-asia","bilateral",2016,1986377328.00263
"regional-development-banks-total",20022,"europe","bilateral",2016,103770000
"regional-development-banks-total",20022,"middle-east","bilateral",2016,99589897.6577761
"regional-development-banks-total",20022,"oceania","bilateral",2016,107700000
"world-bank-total",20033,"south-of-sahara","bilateral",2016,6459150000
"world-bank-total",20033,"north-central-america","bilateral",2016,153090000
"world-bank-total",20033,"south-america","bilateral",2016,72840000
"world-bank-total",20033,"far-east-asia","bilateral",2016,841220000
"world-bank-total",20033,"south-central-asia","bilateral",2016,4428850000
"world-bank-total",20033,"europe","bilateral",2016,110260000
"world-bank-total",20033,"middle-east","bilateral",2016,93370000
"world-bank-total",20033,"oceania","bilateral",2016,95280000
"other-multilateral-total",20034,"unspecified","bilateral",2016,272210000
"other-multilateral-total",20034,"north-of-sahara","bilateral",2016,409965292.736037
"other-multilateral-total",20034,"south-of-sahara","bilateral",2016,3987504707.26396
"other-multilateral-total",20034,"north-central-america","bilateral",2016,269514087.021678
"other-multilateral-total",20034,"south-america","bilateral",2016,149115912.978322
"other-multilateral-total",20034,"far-east-asia","bilateral",2016,466528038.636973
"other-multilateral-total",20034,"south-central-asia","bilateral",2016,1134089094.27095
"other-multilateral-total",20034,"europe","bilateral",2016,190620000
"other-multilateral-total",20034,"middle-east","bilateral",2016,138132867.092078
"other-multilateral-total",20034,"oceania","bilateral",2016,68220000
"private-donors-total",21600,"unspecified","bilateral",2016,1930140000
"private-donors-total",21600,"north-of-sahara","bilateral",2016,631779.169566226
"private-donors-total",21600,"south-of-sahara","bilateral",2016,989768220.830434
"private-donors-total",21600,"north-central-america","bilateral",2016,22306192.6308985
"private-donors-total",21600,"south-america","bilateral",2016,42073807.3691015
"private-donors-total",21600,"far-east-asia","bilateral",2016,49268529.2231485
"private-donors-total",21600,"south-central-asia","bilateral",2016,400067934.809049
"private-donors-total",21600,"europe","bilateral",2016,9460000
"private-donors-total",21600,"middle-east","bilateral",2016,20303535.9678026
"private-donors-total",21600,"oceania","bilateral",2016,1410000
