di_id,region_name,aid_type,year,value,,,
AE,europe,multilateral,2016,1025713.238,,,
AT,europe,multilateral,2016,102021382.6,,,
AU,europe,multilateral,2016,16142127.51,,,
AZ,europe,multilateral,2016,0,,,
BE,europe,multilateral,2016,170868592.3,,,
BG,europe,multilateral,2016,11915921.3,,,
CA,europe,multilateral,2016,23548074.87,,,
CH,europe,multilateral,2016,13813006.93,,,
CZ,europe,multilateral,2016,48558229.17,,,
DE,europe,multilateral,2016,848816648.3,,,
DK,europe,multilateral,2016,85771354.63,,,
EE,europe,multilateral,2016,6143018.565,,,
ES,europe,multilateral,2016,343698394.4,,,
EU,europe,multilateral,2016,6605280.378,,,
FI,europe,multilateral,2016,67291568.33,,,
FR,europe,multilateral,2016,758011430.6,,,
GB,europe,multilateral,2016,677245255.2,,,
GR,europe,multilateral,2016,56786879.44,,,
HR,europe,multilateral,2016,9865597.5,,,
HU,europe,multilateral,2016,34186210.19,,,
IE,europe,multilateral,2016,62721062.77,,,
IL,europe,multilateral,2016,1405900.775,,,
IS,europe,multilateral,2016,155166.1926,,,
IT,europe,multilateral,2016,536450769.4,,,
JP,europe,multilateral,2016,51745830.22,,,
KR,europe,multilateral,2016,9777055.454,,,
KW,europe,multilateral,2016,0,,,
KZ,europe,multilateral,2016,230288.8759,,,
LI,europe,multilateral,2016,137886.052,,,
LT,europe,multilateral,2016,11114653.04,,,
LU,europe,multilateral,2016,12037008.65,,,
LV,europe,multilateral,2016,6778630.52,,,
MT,europe,multilateral,2016,2639601.794,,,
NL,europe,multilateral,2016,184079982.8,,,
NO,europe,multilateral,2016,18686191.92,,,
NZ,europe,multilateral,2016,1684440.542,,,
PL,europe,multilateral,2016,119630081.1,,,
PT,europe,multilateral,2016,54839190.72,,,
RO,europe,multilateral,2016,41040029.2,,,
RU,europe,multilateral,2016,7510990.393,,,
SE,europe,multilateral,2016,107926648.4,,,
SI,europe,multilateral,2016,12497184.74,,,
SK,europe,multilateral,2016,20934823.94,,,
TH,europe,multilateral,2016,1664687.415,,,
TR,europe,multilateral,2016,3884042.027,,,
TW,europe,multilateral,2016,911834.9077,,,
US,europe,multilateral,2016,114708489.1,,,
all-donors-total,europe,multilateral,2016,4668041563,,,
dac-countries-total,europe,multilateral,2016,4554633081,,,
dac-eu-members-and-ec-total,europe,multilateral,2016,0,,,
dac-eu-members-total,europe,multilateral,2016,0,,,
g7-countries-total,europe,multilateral,2016,0,,,
multilateral-total,europe,multilateral,2016,0,,,
non-dac-countries-total,europe,multilateral,2016,106803201.7,,,
AE,far-east-asia,multilateral,2016,4190960.871,,,
AT,far-east-asia,multilateral,2016,32424489.14,,,
AU,far-east-asia,multilateral,2016,72085947.26,,,
AZ,far-east-asia,multilateral,2016,0,,,
BE,far-east-asia,multilateral,2016,34480714.37,,,
BG,far-east-asia,multilateral,2016,1321706.502,,,
CA,far-east-asia,multilateral,2016,79309951.69,,,
CH,far-east-asia,multilateral,2016,53460918.21,,,
CZ,far-east-asia,multilateral,2016,5243762.086,,,
DE,far-east-asia,multilateral,2016,232652871.9,,,
DK,far-east-asia,multilateral,2016,36821683.09,,,
EE,far-east-asia,multilateral,2016,686597.6822,,,
ES,far-east-asia,multilateral,2016,66443894.31,,,
EU,far-east-asia,multilateral,2016,13213679.83,,,
FI,far-east-asia,multilateral,2016,18683616.06,,,
FR,far-east-asia,multilateral,2016,184920151,,,
GB,far-east-asia,multilateral,2016,328935780.9,,,
GR,far-east-asia,multilateral,2016,5455250.964,,,
HR,far-east-asia,multilateral,2016,947636.8857,,,
HU,far-east-asia,multilateral,2016,3715091.091,,,
IE,far-east-asia,multilateral,2016,13518619.56,,,
IL,far-east-asia,multilateral,2016,8314690.63,,,
IS,far-east-asia,multilateral,2016,634390.085,,,
IT,far-east-asia,multilateral,2016,105508091.4,,,
JP,far-east-asia,multilateral,2016,232565543.6,,,
KR,far-east-asia,multilateral,2016,52584992.94,,,
KW,far-east-asia,multilateral,2016,0,,,
KZ,far-east-asia,multilateral,2016,463256.5094,,,
LI,far-east-asia,multilateral,2016,275817.2852,,,
LT,far-east-asia,multilateral,2016,1069264.358,,,
LU,far-east-asia,multilateral,2016,5326089.618,,,
LV,far-east-asia,multilateral,2016,728123.3212,,,
MT,far-east-asia,multilateral,2016,265035.9536,,,
NL,far-east-asia,multilateral,2016,90319713.26,,,
NO,far-east-asia,multilateral,2016,51750404.71,,,
NZ,far-east-asia,multilateral,2016,4745018.837,,,
PL,far-east-asia,multilateral,2016,16787098.42,,,
PT,far-east-asia,multilateral,2016,6928441.407,,,
RO,far-east-asia,multilateral,2016,4015049.113,,,
RU,far-east-asia,multilateral,2016,33714002.8,,,
SE,far-east-asia,multilateral,2016,74048671.58,,,
SI,far-east-asia,multilateral,2016,1701280.686,,,
SK,far-east-asia,multilateral,2016,2151198.04,,,
TH,far-east-asia,multilateral,2016,10558299.81,,,
TR,far-east-asia,multilateral,2016,22555707.61,,,
TW,far-east-asia,multilateral,2016,1823968.597,,,
US,far-east-asia,multilateral,2016,333673539.1,,,
all-donors-total,far-east-asia,multilateral,2016,2254056105,,,
dac-countries-total,far-east-asia,multilateral,2016,2146877215,,,
dac-eu-members-and-ec-total,far-east-asia,multilateral,2016,0,,,
dac-eu-members-total,far-east-asia,multilateral,2016,0,,,
g7-countries-total,far-east-asia,multilateral,2016,0,,,
multilateral-total,far-east-asia,multilateral,2016,0,,,
non-dac-countries-total,far-east-asia,multilateral,2016,93965209.81,,,
AE,middle-east,multilateral,2016,3433269.534,,,
AT,middle-east,multilateral,2016,37317579.53,,,
AU,middle-east,multilateral,2016,38906950.14,,,
AZ,middle-east,multilateral,2016,0,,,
BE,middle-east,multilateral,2016,71600370.11,,,
BG,middle-east,multilateral,2016,3523146.449,,,
CA,middle-east,multilateral,2016,59343934.94,,,
CH,middle-east,multilateral,2016,48211418.78,,,
CZ,middle-east,multilateral,2016,15804438.18,,,
DE,middle-east,multilateral,2016,331463145.7,,,
DK,middle-east,multilateral,2016,63691609.87,,,
EE,middle-east,multilateral,2016,2041921.257,,,
ES,middle-east,multilateral,2016,113910950.3,,,
EU,middle-east,multilateral,2016,5437136.391,,,
FI,middle-east,multilateral,2016,36315626.52,,,
FR,middle-east,multilateral,2016,272318353.1,,,
GB,middle-east,multilateral,2016,333962526.5,,,
GR,middle-east,multilateral,2016,18201637.59,,,
HR,middle-east,multilateral,2016,2879267.915,,,
HU,middle-east,multilateral,2016,10832014.93,,,
IE,middle-east,multilateral,2016,37323447.42,,,
IL,middle-east,multilateral,2016,3166316.337,,,
IS,middle-east,multilateral,2016,691418.1345,,,
IT,middle-east,multilateral,2016,182106116.3,,,
JP,middle-east,multilateral,2016,115799099,,,
KR,middle-east,multilateral,2016,26302053.35,,,
KW,middle-east,multilateral,2016,0,,,
KZ,middle-east,multilateral,2016,1725728.768,,,
LI,middle-east,multilateral,2016,101588.3002,,,
LT,middle-east,multilateral,2016,3357955.231,,,
LU,middle-east,multilateral,2016,10911536.69,,,
LV,middle-east,multilateral,2016,2141326.457,,,
MT,middle-east,multilateral,2016,826297.4813,,,
NL,middle-east,multilateral,2016,127621326.9,,,
NO,middle-east,multilateral,2016,74871535.76,,,
NZ,middle-east,multilateral,2016,8033969.117,,,
PL,middle-east,multilateral,2016,37700616.81,,,
PT,middle-east,multilateral,2016,17972233.64,,,
RO,middle-east,multilateral,2016,12519013.68,,,
RU,middle-east,multilateral,2016,29089807.49,,,
SE,middle-east,multilateral,2016,116740619.3,,,
SI,middle-east,multilateral,2016,4379585.299,,,
SK,middle-east,multilateral,2016,6994074.646,,,
TH,middle-east,multilateral,2016,2498500.191,,,
TR,middle-east,multilateral,2016,8903879.63,,,
TW,middle-east,multilateral,2016,671799.3369,,,
US,middle-east,multilateral,2016,222988449.3,,,
all-donors-total,middle-east,multilateral,2016,2525231205,,,
dac-countries-total,middle-east,multilateral,2016,2442316638,,,
dac-eu-members-and-ec-total,middle-east,multilateral,2016,0,,,
dac-eu-members-total,middle-east,multilateral,2016,0,,,
g7-countries-total,middle-east,multilateral,2016,0,,,
multilateral-total,middle-east,multilateral,2016,0,,,
non-dac-countries-total,middle-east,multilateral,2016,77477430.69,,,
AE,north-central-america,multilateral,2016,2946011.416,,,
AT,north-central-america,multilateral,2016,22749545.17,,,
AU,north-central-america,multilateral,2016,43408239.47,,,
AZ,north-central-america,multilateral,2016,0,,,
BE,north-central-america,multilateral,2016,30965500.63,,,
BG,north-central-america,multilateral,2016,1632871.817,,,
CA,north-central-america,multilateral,2016,39436924.32,,,
CH,north-central-america,multilateral,2016,24635523.38,,,
CZ,north-central-america,multilateral,2016,6182350.186,,,
DE,north-central-america,multilateral,2016,184925012.4,,,
DK,north-central-america,multilateral,2016,24035013.64,,,
EE,north-central-america,multilateral,2016,775753.1553,,,
ES,north-central-america,multilateral,2016,55584403.75,,,
EU,north-central-america,multilateral,2016,9364067.751,,,
FI,north-central-america,multilateral,2016,14209958.64,,,
FR,north-central-america,multilateral,2016,155487914.4,,,
GB,north-central-america,multilateral,2016,204517231.9,,,
GR,north-central-america,multilateral,2016,7033415.278,,,
HR,north-central-america,multilateral,2016,1239988.395,,,
HU,north-central-america,multilateral,2016,4453799.028,,,
IE,north-central-america,multilateral,2016,10947958.16,,,
IL,north-central-america,multilateral,2016,6129538.04,,,
IS,north-central-america,multilateral,2016,250696.7819,,,
IT,north-central-america,multilateral,2016,96135863.57,,,
JP,north-central-america,multilateral,2016,100053484.7,,,
KR,north-central-america,multilateral,2016,32602360.6,,,
KW,north-central-america,multilateral,2016,0,,,
KZ,north-central-america,multilateral,2016,229736.8788,,,
LI,north-central-america,multilateral,2016,196226.2419,,,
LT,north-central-america,multilateral,2016,1358487.896,,,
LU,north-central-america,multilateral,2016,3303975.653,,,
LV,north-central-america,multilateral,2016,850408.0148,,,
MT,north-central-america,multilateral,2016,336236.0778,,,
NL,north-central-america,multilateral,2016,48428861.11,,,
NO,north-central-america,multilateral,2016,28738887.53,,,
NZ,north-central-america,multilateral,2016,2504404.443,,,
PL,north-central-america,multilateral,2016,18746345.73,,,
PT,north-central-america,multilateral,2016,7945320.726,,,
RO,north-central-america,multilateral,2016,5188733.411,,,
RU,north-central-america,multilateral,2016,21672450.86,,,
SE,north-central-america,multilateral,2016,40949652.12,,,
SI,north-central-america,multilateral,2016,1729420.45,,,
SK,north-central-america,multilateral,2016,2669046.877,,,
TH,north-central-america,multilateral,2016,7871266.754,,,
TR,north-central-america,multilateral,2016,16392509.09,,,
TW,north-central-america,multilateral,2016,1297636.234,,,
US,north-central-america,multilateral,2016,180873775.9,,,
all-donors-total,north-central-america,multilateral,2016,1472373711,,,
dac-countries-total,north-central-america,multilateral,2016,1393504887,,,
dac-eu-members-and-ec-total,north-central-america,multilateral,2016,0,,,
dac-eu-members-total,north-central-america,multilateral,2016,0,,,
g7-countries-total,north-central-america,multilateral,2016,0,,,
multilateral-total,north-central-america,multilateral,2016,0,,,
non-dac-countries-total,north-central-america,multilateral,2016,69504756.98,,,
AE,north-of-sahara,multilateral,2016,809822.5898,,,
AT,north-of-sahara,multilateral,2016,34428881.92,,,
AU,north-of-sahara,multilateral,2016,12933628.52,,,
AZ,north-of-sahara,multilateral,2016,0,,,
BE,north-of-sahara,multilateral,2016,60754027.91,,,
BG,north-of-sahara,multilateral,2016,3994511.509,,,
CA,north-of-sahara,multilateral,2016,28339630.92,,,
CH,north-of-sahara,multilateral,2016,10687794.03,,,
CZ,north-of-sahara,multilateral,2016,16379470.62,,,
DE,north-of-sahara,multilateral,2016,309837064.2,,,
DK,north-of-sahara,multilateral,2016,30642448.16,,,
EE,north-of-sahara,multilateral,2016,2058509.421,,,
ES,north-of-sahara,multilateral,2016,114524014.2,,,
EU,north-of-sahara,multilateral,2016,14491289.89,,,
FI,north-of-sahara,multilateral,2016,23024583.1,,,
FR,north-of-sahara,multilateral,2016,281037759.8,,,
GB,north-of-sahara,multilateral,2016,299328994.5,,,
GR,north-of-sahara,multilateral,2016,19146850.58,,,
HR,north-of-sahara,multilateral,2016,3387835.338,,,
HU,north-of-sahara,multilateral,2016,11806802.56,,,
IE,north-of-sahara,multilateral,2016,22367177.35,,,
IL,north-of-sahara,multilateral,2016,379714.0178,,,
IS,north-of-sahara,multilateral,2016,87236.22066,,,
IT,north-of-sahara,multilateral,2016,183742690.2,,,
JP,north-of-sahara,multilateral,2016,40795860.71,,,
KR,north-of-sahara,multilateral,2016,4058461.587,,,
KW,north-of-sahara,multilateral,2016,0,,,
KZ,north-of-sahara,multilateral,2016,173631.2618,,,
LI,north-of-sahara,multilateral,2016,305078.9491,,,
LT,north-of-sahara,multilateral,2016,3728120.605,,,
LU,north-of-sahara,multilateral,2016,4447311.953,,,
LV,north-of-sahara,multilateral,2016,2281109.964,,,
MT,north-of-sahara,multilateral,2016,905096.3673,,,
NL,north-of-sahara,multilateral,2016,68277475.42,,,
NO,north-of-sahara,multilateral,2016,21875976.69,,,
NZ,north-of-sahara,multilateral,2016,1658578.984,,,
PL,north-of-sahara,multilateral,2016,39865137.32,,,
PT,north-of-sahara,multilateral,2016,18328680.31,,,
RO,north-of-sahara,multilateral,2016,13757746.52,,,
RU,north-of-sahara,multilateral,2016,3892771.919,,,
SE,north-of-sahara,multilateral,2016,45984142.04,,,
SI,north-of-sahara,multilateral,2016,4261059.785,,,
SK,north-of-sahara,multilateral,2016,7134967.144,,,
TH,north-of-sahara,multilateral,2016,424810.1991,,,
TR,north-of-sahara,multilateral,2016,1190328.96,,,
TW,north-of-sahara,multilateral,2016,2017474.802,,,
US,north-of-sahara,multilateral,2016,174500764.6,,,
all-donors-total,north-of-sahara,multilateral,2016,1944409242,,,
dac-countries-total,north-of-sahara,multilateral,2016,1890257471,,,
dac-eu-members-and-ec-total,north-of-sahara,multilateral,2016,0,,,
dac-eu-members-total,north-of-sahara,multilateral,2016,0,,,
g7-countries-total,north-of-sahara,multilateral,2016,0,,,
multilateral-total,north-of-sahara,multilateral,2016,0,,,
non-dac-countries-total,north-of-sahara,multilateral,2016,39660480.63,,,
AE,oceania,multilateral,2016,644601.1433,,,
AT,oceania,multilateral,2016,4678419.63,,,
AU,oceania,multilateral,2016,10498322,,,
AZ,oceania,multilateral,2016,0,,,
BE,oceania,multilateral,2016,5631649.449,,,
BG,oceania,multilateral,2016,205399.0092,,,
CA,oceania,multilateral,2016,11231725.68,,,
CH,oceania,multilateral,2016,7815905.365,,,
CZ,oceania,multilateral,2016,827965.3459,,,
DE,oceania,multilateral,2016,34840871.37,,,
DK,oceania,multilateral,2016,5814336.477,,,
EE,oceania,multilateral,2016,106159.2243,,,
ES,oceania,multilateral,2016,9616764.935,,,
EU,oceania,multilateral,2016,1661833.974,,,
FI,oceania,multilateral,2016,2956635.386,,,
FR,oceania,multilateral,2016,27150883.31,,,
GB,oceania,multilateral,2016,45782199.98,,,
GR,oceania,multilateral,2016,869210.9242,,,
HR,oceania,multilateral,2016,145793.0386,,,
HU,oceania,multilateral,2016,571322.4191,,,
IE,oceania,multilateral,2016,2192945.566,,,
IL,oceania,multilateral,2016,1262784.892,,,
IS,oceania,multilateral,2016,89980.03222,,,
IT,oceania,multilateral,2016,15997288.64,,,
JP,oceania,multilateral,2016,31980149.51,,,
KR,oceania,multilateral,2016,7666916.905,,,
KW,oceania,multilateral,2016,0,,,
KZ,oceania,multilateral,2016,86495.20897,,,
LI,oceania,multilateral,2016,34469.54331,,,
LT,oceania,multilateral,2016,166064.5931,,,
LU,oceania,multilateral,2016,838087.9148,,,
LV,oceania,multilateral,2016,111683.2635,,,
MT,oceania,multilateral,2016,41434.28272,,,
NL,oceania,multilateral,2016,12955553.86,,,
NO,oceania,multilateral,2016,7889783.885,,,
NZ,oceania,multilateral,2016,744827.995,,,
PL,oceania,multilateral,2016,2607557.862,,,
PT,oceania,multilateral,2016,1088517.786,,,
RO,oceania,multilateral,2016,633008.1407,,,
RU,oceania,multilateral,2016,5145024.469,,,
SE,oceania,multilateral,2016,11117514.19,,,
SI,oceania,multilateral,2016,269669.0953,,,
SK,oceania,multilateral,2016,342314.6344,,,
TH,oceania,multilateral,2016,1584098.046,,,
TR,oceania,multilateral,2016,3413137.849,,,
TW,oceania,multilateral,2016,227945.7015,,,
US,oceania,multilateral,2016,46434015.82,,,
all-donors-total,oceania,multilateral,2016,326363825.1,,,
dac-countries-total,oceania,multilateral,2016,310501336,,,
dac-eu-members-and-ec-total,oceania,multilateral,2016,0,,,
dac-eu-members-total,oceania,multilateral,2016,0,,,
g7-countries-total,oceania,multilateral,2016,0,,,
multilateral-total,oceania,multilateral,2016,0,,,
non-dac-countries-total,oceania,multilateral,2016,14200655.12,,,
AE,south-america,multilateral,2016,2317650.363,,,
AT,south-america,multilateral,2016,18646966.89,,,
AU,south-america,multilateral,2016,33558187.05,,,
AZ,south-america,multilateral,2016,0,,,
BE,south-america,multilateral,2016,26157538.73,,,
BG,south-america,multilateral,2016,1334006.687,,,
CA,south-america,multilateral,2016,25425572.29,,,
CH,south-america,multilateral,2016,18805163.32,,,
CZ,south-america,multilateral,2016,5050513.856,,,
DE,south-america,multilateral,2016,146335661.7,,,
DK,south-america,multilateral,2016,20125985,,,
EE,south-america,multilateral,2016,627544.2541,,,
ES,south-america,multilateral,2016,44884540.01,,,
EU,south-america,multilateral,2016,2712344.56,,,
FI,south-america,multilateral,2016,11944805.1,,,
FR,south-america,multilateral,2016,118013251.2,,,
GB,south-america,multilateral,2016,137905855.1,,,
GR,south-america,multilateral,2016,5699582.946,,,
HR,south-america,multilateral,2016,975793.8276,,,
HU,south-america,multilateral,2016,3481181.326,,,
IE,south-america,multilateral,2016,8608000.375,,,
IL,south-america,multilateral,2016,5224404.673,,,
IS,south-america,multilateral,2016,181735.0392,,,
IT,south-america,multilateral,2016,78701716.09,,,
JP,south-america,multilateral,2016,73366135.86,,,
KR,south-america,multilateral,2016,26512595.19,,,
KW,south-america,multilateral,2016,0,,,
KZ,south-america,multilateral,2016,173032.5582,,,
LI,south-america,multilateral,2016,56012.02758,,,
LT,south-america,multilateral,2016,1100531.791,,,
LU,south-america,multilateral,2016,2607981.614,,,
LV,south-america,multilateral,2016,683542.6356,,,
MT,south-america,multilateral,2016,266123.7908,,,
NL,south-america,multilateral,2016,36164998.09,,,
NO,south-america,multilateral,2016,18417309.49,,,
NZ,south-america,multilateral,2016,1735205.04,,,
PL,south-america,multilateral,2016,15482743.63,,,
PT,south-america,multilateral,2016,6535964.903,,,
RO,south-america,multilateral,2016,4233244.654,,,
RU,south-america,multilateral,2016,17670774.63,,,
SE,south-america,multilateral,2016,30060646.49,,,
SI,south-america,multilateral,2016,1435574.566,,,
SK,south-america,multilateral,2016,2136081.388,,,
TH,south-america,multilateral,2016,6693446.918,,,
TR,south-america,multilateral,2016,13893350.8,,,
TW,south-america,multilateral,2016,370405.2822,,,
US,south-america,multilateral,2016,100138431.5,,,
all-donors-total,south-america,multilateral,2016,1077417148,,,
dac-countries-total,south-america,multilateral,2016,1018119924,,,
dac-eu-members-and-ec-total,south-america,multilateral,2016,0,,,
dac-eu-members-total,south-america,multilateral,2016,0,,,
g7-countries-total,south-america,multilateral,2016,0,,,
multilateral-total,south-america,multilateral,2016,0,,,
non-dac-countries-total,south-america,multilateral,2016,56584879.31,,,
AE,south-central-asia,multilateral,2016,11823953.26,,,
AT,south-central-asia,multilateral,2016,121057715.4,,,
AU,south-central-asia,multilateral,2016,231694652,,,
AZ,south-central-asia,multilateral,2016,0,,,
BE,south-central-asia,multilateral,2016,104966569.3,,,
BG,south-central-asia,multilateral,2016,4744352.411,,,
CA,south-central-asia,multilateral,2016,277259826.2,,,
CH,south-central-asia,multilateral,2016,190616660.6,,,
CZ,south-central-asia,multilateral,2016,19528390.25,,,
DE,south-central-asia,multilateral,2016,792040228.9,,,
DK,south-central-asia,multilateral,2016,123657508.7,,,
EE,south-central-asia,multilateral,2016,2697360.029,,,
ES,south-central-asia,multilateral,2016,262360285.1,,,
EU,south-central-asia,multilateral,2016,40265611.49,,,
FI,south-central-asia,multilateral,2016,63606921.86,,,
FR,south-central-asia,multilateral,2016,644811237.3,,,
GB,south-central-asia,multilateral,2016,1222863648,,,
GR,south-central-asia,multilateral,2016,20358838.89,,,
HR,south-central-asia,multilateral,2016,3545108.753,,,
HU,south-central-asia,multilateral,2016,13944313.04,,,
IE,south-central-asia,multilateral,2016,47881495.91,,,
IL,south-central-asia,multilateral,2016,23037519.91,,,
IS,south-central-asia,multilateral,2016,2548102.583,,,
IT,south-central-asia,multilateral,2016,366147965.5,,,
JP,south-central-asia,multilateral,2016,889242719.8,,,
KR,south-central-asia,multilateral,2016,171141003.2,,,
KW,south-central-asia,multilateral,2016,0,,,
KZ,south-central-asia,multilateral,2016,1365549.134,,,
LI,south-central-asia,multilateral,2016,840846.5596,,,
LT,south-central-asia,multilateral,2016,4135268.508,,,
LU,south-central-asia,multilateral,2016,18936968.66,,,
LV,south-central-asia,multilateral,2016,2857068.641,,,
MT,south-central-asia,multilateral,2016,981274.112,,,
NL,south-central-asia,multilateral,2016,361106810.2,,,
NO,south-central-asia,multilateral,2016,166204216.6,,,
NZ,south-central-asia,multilateral,2016,15376939.52,,,
PL,south-central-asia,multilateral,2016,57872855.52,,,
PT,south-central-asia,multilateral,2016,24522199.2,,,
RO,south-central-asia,multilateral,2016,14881292.42,,,
RU,south-central-asia,multilateral,2016,103165332.8,,,
SE,south-central-asia,multilateral,2016,269655603.7,,,
SI,south-central-asia,multilateral,2016,6061525.578,,,
SK,south-central-asia,multilateral,2016,7933871.933,,,
TH,south-central-asia,multilateral,2016,29283842.84,,,
TR,south-central-asia,multilateral,2016,63428548.22,,,
TW,south-central-asia,multilateral,2016,5560484.429,,,
US,south-central-asia,multilateral,2016,1116789167,,,
all-donors-total,south-central-asia,multilateral,2016,7935115506,,,
dac-countries-total,south-central-asia,multilateral,2016,7610188240,,,
dac-eu-members-and-ec-total,south-central-asia,multilateral,2016,0,,,
dac-eu-members-total,south-central-asia,multilateral,2016,0,,,
g7-countries-total,south-central-asia,multilateral,2016,0,,,
multilateral-total,south-central-asia,multilateral,2016,0,,,
non-dac-countries-total,south-central-asia,multilateral,2016,284661654.2,,,
AE,south-of-sahara,multilateral,2016,22052232.67,,,
AT,south-of-sahara,multilateral,2016,229610083.3,,,
AU,south-of-sahara,multilateral,2016,414657326.7,,,
AZ,south-of-sahara,multilateral,2016,0,,,
BE,south-of-sahara,multilateral,2016,273655344,,,
BG,south-of-sahara,multilateral,2016,12549069.41,,,
CA,south-of-sahara,multilateral,2016,623511297.7,,,
CH,south-of-sahara,multilateral,2016,359161445.7,,,
CZ,south-of-sahara,multilateral,2016,53592791.13,,,
DE,south-of-sahara,multilateral,2016,1810721042,,,
DK,south-of-sahara,multilateral,2016,254829258.4,,,
EE,south-of-sahara,multilateral,2016,7030045.099,,,
ES,south-of-sahara,multilateral,2016,548173809.9,,,
EU,south-of-sahara,multilateral,2016,173635968.1,,,
FI,south-of-sahara,multilateral,2016,136022396.3,,,
FR,south-of-sahara,multilateral,2016,1557231429,,,
GB,south-of-sahara,multilateral,2016,2828010396,,,
GR,south-of-sahara,multilateral,2016,58786587.32,,,
HR,south-of-sahara,multilateral,2016,10636903.15,,,
HU,south-of-sahara,multilateral,2016,40347344.2,,,
IE,south-of-sahara,multilateral,2016,121484629.6,,,
IL,south-of-sahara,multilateral,2016,31206174.8,,,
IS,south-of-sahara,multilateral,2016,4456424.094,,,
IT,south-of-sahara,multilateral,2016,828715184.3,,,
JP,south-of-sahara,multilateral,2016,1583151036,,,
KR,south-of-sahara,multilateral,2016,258883218.7,,,
KW,south-of-sahara,multilateral,2016,0,,,
KZ,south-of-sahara,multilateral,2016,3779281.217,,,
LI,south-of-sahara,multilateral,2016,3642310.121,,,
LT,south-of-sahara,multilateral,2016,11469799.57,,,
LU,south-of-sahara,multilateral,2016,40644104.06,,,
LV,south-of-sahara,multilateral,2016,7610169.814,,,
MT,south-of-sahara,multilateral,2016,2908682.412,,,
NL,south-of-sahara,multilateral,2016,716620170.3,,,
NO,south-of-sahara,multilateral,2016,422207574,,,
NZ,south-of-sahara,multilateral,2016,36487398.02,,,
PL,south-of-sahara,multilateral,2016,138586809.9,,,
PT,south-of-sahara,multilateral,2016,61897933.98,,,
RO,south-of-sahara,multilateral,2016,41573733.6,,,
RU,south-of-sahara,multilateral,2016,170060692.9,,,
SE,south-of-sahara,multilateral,2016,575123815.9,,,
SI,south-of-sahara,multilateral,2016,15859833.17,,,
SK,south-of-sahara,multilateral,2016,23122209.59,,,
TH,south-of-sahara,multilateral,2016,38599109.76,,,
TR,south-of-sahara,multilateral,2016,87791164.52,,,
TW,south-of-sahara,multilateral,2016,24086450.11,,,
US,south-of-sahara,multilateral,2016,2992087361,,,
all-donors-total,south-of-sahara,multilateral,2016,17676177667,,,
dac-countries-total,south-of-sahara,multilateral,2016,17007638255,,,
dac-eu-members-and-ec-total,south-of-sahara,multilateral,2016,0,,,
dac-eu-members-total,south-of-sahara,multilateral,2016,0,,,
g7-countries-total,south-of-sahara,multilateral,2016,0,,,
multilateral-total,south-of-sahara,multilateral,2016,0,,,
non-dac-countries-total,south-of-sahara,multilateral,2016,494903444.3,,,
AE,unspecified,multilateral,2016,20545784.92,,,
AT,unspecified,multilateral,2016,46304936.39,,,
AU,unspecified,multilateral,2016,113184619.4,,,
AZ,unspecified,multilateral,2016,0,,,
BE,unspecified,multilateral,2016,95919693.17,,,
BG,unspecified,multilateral,2016,14229014.91,,,
CA,unspecified,multilateral,2016,102623061.4,,,
CH,unspecified,multilateral,2016,82782163.65,,,
CZ,unspecified,multilateral,2016,17672089.18,,,
DE,unspecified,multilateral,2016,407717453.1,,,
DK,unspecified,multilateral,2016,89700801.96,,,
EE,unspecified,multilateral,2016,2653091.313,,,
ES,unspecified,multilateral,2016,121372943,,,
EU,unspecified,multilateral,2016,6592787.619,,,
FI,unspecified,multilateral,2016,47143888.67,,,
FR,unspecified,multilateral,2016,316777590.5,,,
GB,unspecified,multilateral,2016,457178112,,,
GR,unspecified,multilateral,2016,17031746.08,,,
HR,unspecified,multilateral,2016,3536075.196,,,
HU,unspecified,multilateral,2016,21001921.22,,,
IE,unspecified,multilateral,2016,48534663.25,,,
IL,unspecified,multilateral,2016,14712955.93,,,
IS,unspecified,multilateral,2016,1934850.837,,,
IT,unspecified,multilateral,2016,273634314.5,,,
JP,unspecified,multilateral,2016,249630140.1,,,
KR,unspecified,multilateral,2016,108161342,,,
KW,unspecified,multilateral,2016,0,,,
KZ,unspecified,multilateral,2016,2772999.588,,,
LI,unspecified,multilateral,2016,119764.9206,,,
LT,unspecified,multilateral,2016,5779854.403,,,
LU,unspecified,multilateral,2016,17156935.19,,,
LV,unspecified,multilateral,2016,2727937.368,,,
MT,unspecified,multilateral,2016,760217.7288,,,
NL,unspecified,multilateral,2016,163105108,,,
NO,unspecified,multilateral,2016,118148119.3,,,
NZ,unspecified,multilateral,2016,13069217.5,,,
PL,unspecified,multilateral,2016,66850753.74,,,
PT,unspecified,multilateral,2016,18241517.32,,,
RO,unspecified,multilateral,2016,22028149.25,,,
RU,unspecified,multilateral,2016,98998151.77,,,
SE,unspecified,multilateral,2016,170552686.3,,,
SI,unspecified,multilateral,2016,5254866.626,,,
SK,unspecified,multilateral,2016,6891411.804,,,
TH,unspecified,multilateral,2016,14771938.06,,,
TR,unspecified,multilateral,2016,28697331.3,,,
TW,unspecified,multilateral,2016,792000.5961,,,
US,unspecified,multilateral,2016,599676007.5,,,
all-donors-total,unspecified,multilateral,2016,4038714029,,,
dac-countries-total,unspecified,multilateral,2016,3797252954,,,
dac-eu-members-and-ec-total,unspecified,multilateral,2016,0,,,
dac-eu-members-total,unspecified,multilateral,2016,0,,,
g7-countries-total,unspecified,multilateral,2016,0,,,
multilateral-total,unspecified,multilateral,2016,0,,,
non-dac-countries-total,unspecified,multilateral,2016,234868287.3,,,
