"from_di_id","to_di_id","year","rank","total_oda","bundle","bundle_value"
"AT","BA",2016,3,19869491,"technical-ooperation",997711
"AT","BA",2016,3,19869491,"non-transfer",18783529
"AT","BA",2016,3,19869491,"mixed-project-aid",78518
"AT","BA",2016,3,19869491,"cash-grant",9733
"AT","IR",2016,9,10258922,"non-transfer",10233049
"AT","IR",2016,9,10258922,"technical-ooperation",25873
"AT","RS",2016,6,11600961,"technical-ooperation",505058
"AT","RS",2016,6,11600961,"cash-grant",245761
"AT","RS",2016,6,11600961,"non-transfer",10430034
"AT","RS",2016,6,11600961,"mixed-project-aid",420108
"AT","SY",2016,8,10402291,"non-transfer",1615040
"AT","SY",2016,8,10402291,"cash-grant",1312633
"AT","SY",2016,8,10402291,"commodities-food",6798364
"AT","SY",2016,8,10402291,"mixed-project-aid",675981
"AT","SY",2016,8,10402291,"technical-ooperation",273
"AT","TR",2016,2,37221239,"cash-grant",14342340
"AT","TR",2016,2,37221239,"technical-ooperation",5304180
"AT","TR",2016,2,37221239,"non-transfer",17574719
"AT","UA",2016,10,9822255,"gpgs-nngos",8321
"AT","UA",2016,10,9822255,"cash-grant",16802
"AT","UA",2016,10,9822255,"non-transfer",8320926
"AT","UA",2016,10,9822255,"mixed-project-aid",162481
"AT","UA",2016,10,9822255,"technical-ooperation",1313725
"AT","UG",2016,5,11685071,"cash-grant",7164978
"AT","UG",2016,5,11685071,"non-transfer",258261
"AT","UG",2016,5,11685071,"technical-ooperation",3698983
"AT","UG",2016,5,11685071,"mixed-project-aid",562849
"AT","bilateral-unspecified",2016,1,665851761,"technical-ooperation",7119749
"AT","bilateral-unspecified",2016,1,665851761,"mixed-project-aid",349551
"AT","bilateral-unspecified",2016,1,665851761,"cash-loan-equity",2763942
"AT","bilateral-unspecified",2016,1,665851761,"non-transfer",636150663
"AT","bilateral-unspecified",2016,1,665851761,"cash-grant",19467856
"AT","europe",2016,4,16818440,"cash-loan-equity",535655
"AT","europe",2016,4,16818440,"cash-grant",13811128
"AT","europe",2016,4,16818440,"technical-ooperation",2018729
"AT","europe",2016,4,16818440,"non-transfer",109520
"AT","europe",2016,4,16818440,"gpgs-nngos",1094
"AT","europe",2016,4,16818440,"mixed-project-aid",342314
"AT","middle-east",2016,7,10943563,"cash-grant",10938640
"AT","middle-east",2016,7,10943563,"non-transfer",3282
"AT","middle-east",2016,7,10943563,"technical-ooperation",1641
"AU","AF",2016,6,61768347,"technical-ooperation",11835212
"AU","AF",2016,6,61768347,"cash-grant",47433444
"AU","AF",2016,6,61768347,"non-transfer",62295
"AU","AF",2016,6,61768347,"mixed-project-aid",2437396
"AU","FJ",2016,8,58106253,"commodities-food",322
"AU","FJ",2016,8,58106253,"cash-grant",15144879
"AU","FJ",2016,8,58106253,"technical-ooperation",32340252
"AU","FJ",2016,8,58106253,"mixed-project-aid",7203017
"AU","FJ",2016,8,58106253,"non-transfer",3417783
"AU","ID",2016,3,254182800,"non-transfer",57125006
"AU","ID",2016,3,254182800,"gpgs-nngos",10191320
"AU","ID",2016,3,254182800,"technical-ooperation",112234729
"AU","ID",2016,3,254182800,"cash-grant",35086652
"AU","ID",2016,3,254182800,"mixed-project-aid",39545093
"AU","KH",2016,7,58225497,"non-transfer",4547391
"AU","KH",2016,7,58225497,"mixed-project-aid",8346856
"AU","KH",2016,7,58225497,"commodities-food",100728
"AU","KH",2016,7,58225497,"technical-ooperation",20829929
"AU","KH",2016,7,58225497,"cash-grant",24400593
"AU","PG",2016,2,341329787,"non-transfer",23534276
"AU","PG",2016,2,341329787,"technical-ooperation",239171004
"AU","PG",2016,2,341329787,"gpgs-nngos",2983
"AU","PG",2016,2,341329787,"cash-grant",47701674
"AU","PG",2016,2,341329787,"mixed-project-aid",30919850
"AU","SB",2016,4,109452775,"gpgs-nngos",694380
"AU","SB",2016,4,109452775,"cash-grant",44739451
"AU","SB",2016,4,109452775,"mixed-project-aid",16192169
"AU","SB",2016,4,109452775,"technical-ooperation",45145058
"AU","SB",2016,4,109452775,"non-transfer",2681717
"AU","TL",2016,9,57248923,"non-transfer",4690976
"AU","TL",2016,9,57248923,"mixed-project-aid",2591777
"AU","TL",2016,9,57248923,"cash-grant",25472631
"AU","TL",2016,9,57248923,"technical-ooperation",24493539
"AU","VN",2016,10,54626797,"non-transfer",21929503
"AU","VN",2016,10,54626797,"technical-ooperation",21219001
"AU","VN",2016,10,54626797,"mixed-project-aid",3690633
"AU","VN",2016,10,54626797,"cash-grant",7787660
"AU","bilateral-unspecified",2016,1,634818942,"mixed-project-aid",36083801
"AU","bilateral-unspecified",2016,1,634818942,"technical-ooperation",69457850
"AU","bilateral-unspecified",2016,1,634818942,"cash-grant",277305918
"AU","bilateral-unspecified",2016,1,634818942,"gpgs-nngos",8007198
"AU","bilateral-unspecified",2016,1,634818942,"non-transfer",213818875
"AU","bilateral-unspecified",2016,1,634818942,"commodities-food",30145300
"AU","oceania",2016,5,95938259,"technical-ooperation",39796608
"AU","oceania",2016,5,95938259,"gpgs-nngos",436841
"AU","oceania",2016,5,95938259,"non-transfer",1019701
"AU","oceania",2016,5,95938259,"commodities-food",374733
"AU","oceania",2016,5,95938259,"cash-grant",47584447
"AU","oceania",2016,5,95938259,"mixed-project-aid",6725929
"BE","BI",2016,4,51509132,"technical-ooperation",33842681
"BE","BI",2016,4,51509132,"commodities-food",1855142
"BE","BI",2016,4,51509132,"non-transfer",981791
"BE","BI",2016,4,51509132,"cash-grant",9451187
"BE","BI",2016,4,51509132,"mixed-project-aid",5378331
"BE","BO",2016,10,20499853,"cash-grant",12037206
"BE","BO",2016,10,20499853,"non-transfer",507426
"BE","BO",2016,10,20499853,"technical-ooperation",7424345
"BE","BO",2016,10,20499853,"mixed-project-aid",530876
"BE","CD",2016,2,101826159,"non-transfer",2213162
"BE","CD",2016,2,101826159,"technical-ooperation",16559377
"BE","CD",2016,2,101826159,"mixed-project-aid",39968188
"BE","CD",2016,2,101826159,"cash-grant",41447160
"BE","CD",2016,2,101826159,"commodities-food",1638272
"BE","MA",2016,8,21940357,"mixed-project-aid",15218789
"BE","MA",2016,8,21940357,"technical-ooperation",3656692
"BE","MA",2016,8,21940357,"cash-grant",2519364
"BE","MA",2016,8,21940357,"non-transfer",545512
"BE","ML",2016,7,22724615,"commodities-food",3822630
"BE","ML",2016,7,22724615,"cash-grant",2231167
"BE","ML",2016,7,22724615,"mixed-project-aid",8423727
"BE","ML",2016,7,22724615,"non-transfer",559337
"BE","ML",2016,7,22724615,"technical-ooperation",7687754
"BE","NE",2016,9,21718889,"cash-grant",2379564
"BE","NE",2016,9,21718889,"non-transfer",508280
"BE","NE",2016,9,21718889,"commodities-food",3527742
"BE","NE",2016,9,21718889,"technical-ooperation",7886845
"BE","NE",2016,9,21718889,"mixed-project-aid",7416458
"BE","PS",2016,5,34330491,"cash-grant",6512852
"BE","PS",2016,5,34330491,"technical-ooperation",8746563
"BE","PS",2016,5,34330491,"mixed-project-aid",14876483
"BE","PS",2016,5,34330491,"non-transfer",645007
"BE","PS",2016,5,34330491,"commodities-food",3549586
"BE","RW",2016,6,25978347,"mixed-project-aid",9232140
"BE","RW",2016,6,25978347,"non-transfer",669861
"BE","RW",2016,6,25978347,"cash-grant",5444240
"BE","RW",2016,6,25978347,"technical-ooperation",10632106
"BE","TR",2016,3,66709083,"cash-grant",66666430
"BE","TR",2016,3,66709083,"non-transfer",30581
"BE","TR",2016,3,66709083,"technical-ooperation",12072
"BE","bilateral-unspecified",2016,1,695300333,"technical-ooperation",24573499
"BE","bilateral-unspecified",2016,1,695300333,"cash-grant",111146349
"BE","bilateral-unspecified",2016,1,695300333,"mixed-project-aid",509393
"BE","bilateral-unspecified",2016,1,695300333,"non-transfer",547057091
"BE","bilateral-unspecified",2016,1,695300333,"commodities-food",12014001
"CA","AF",2016,5,99411614,"mixed-project-aid",2594810
"CA","AF",2016,5,99411614,"cash-grant",80763322
"CA","AF",2016,5,99411614,"technical-ooperation",12859169
"CA","AF",2016,5,99411614,"commodities-food",3194313
"CA","ET",2016,6,93645762,"commodities-food",26733259
"CA","ET",2016,6,93645762,"cash-grant",26860938
"CA","ET",2016,6,93645762,"mixed-project-aid",11852626
"CA","ET",2016,6,93645762,"technical-ooperation",28198939
"CA","HT",2016,9,69228647,"cash-grant",18206336
"CA","HT",2016,9,69228647,"gpgs-nngos",1038211
"CA","HT",2016,9,69228647,"mixed-project-aid",2051498
"CA","HT",2016,9,69228647,"commodities-food",4231828
"CA","HT",2016,9,69228647,"technical-ooperation",43700774
"CA","IQ",2016,10,63829234,"technical-ooperation",9272735
"CA","IQ",2016,10,63829234,"cash-grant",25665656
"CA","IQ",2016,10,63829234,"mixed-project-aid",24219053
"CA","IQ",2016,10,63829234,"commodities-food",4671790
"CA","ML",2016,7,90221650,"mixed-project-aid",3066267
"CA","ML",2016,7,90221650,"commodities-food",1583626
"CA","ML",2016,7,90221650,"cash-grant",36935739
"CA","ML",2016,7,90221650,"technical-ooperation",48636018
"CA","SS",2016,8,69619496,"technical-ooperation",17315875
"CA","SS",2016,8,69619496,"cash-grant",17930613
"CA","SS",2016,8,69619496,"mixed-project-aid",4504282
"CA","SS",2016,8,69619496,"commodities-food",29868726
"CA","america",2016,4,122193100,"non-transfer",44316857
"CA","america",2016,4,122193100,"technical-ooperation",7979636
"CA","america",2016,4,122193100,"mixed-project-aid",17659304
"CA","america",2016,4,122193100,"commodities-food",6343123
"CA","america",2016,4,122193100,"gpgs-nngos",2213544
"CA","america",2016,4,122193100,"cash-grant",43680636
"CA","asia",2016,3,175660642,"commodities-food",7807733
"CA","asia",2016,3,175660642,"technical-ooperation",18557334
"CA","asia",2016,3,175660642,"mixed-project-aid",10303931
"CA","asia",2016,3,175660642,"gpgs-nngos",1930961
"CA","asia",2016,3,175660642,"cash-grant",70250487
"CA","asia",2016,3,175660642,"non-transfer",66810196
"CA","bilateral-unspecified",2016,1,501305474,"cash-grant",10609943
"CA","bilateral-unspecified",2016,1,501305474,"commodities-food",330918
"CA","bilateral-unspecified",2016,1,501305474,"technical-ooperation",36980184
"CA","bilateral-unspecified",2016,1,501305474,"non-transfer",452360917
"CA","bilateral-unspecified",2016,1,501305474,"mixed-project-aid",1023512
"CA","south-of-sahara",2016,2,205860944,"cash-grant",98369074
"CA","south-of-sahara",2016,2,205860944,"technical-ooperation",25178870
"CA","south-of-sahara",2016,2,205860944,"gpgs-nngos",2268048
"CA","south-of-sahara",2016,2,205860944,"mixed-project-aid",1454897
"CA","south-of-sahara",2016,2,205860944,"commodities-food",12530329
"CA","south-of-sahara",2016,2,205860944,"non-transfer",66059726
"CH","BD",2016,10,35164322,"gpgs-nngos",19293
"CH","BD",2016,10,35164322,"non-transfer",36983
"CH","BD",2016,10,35164322,"cash-grant",20366577
"CH","BD",2016,10,35164322,"technical-ooperation",3758807
"CH","BD",2016,10,35164322,"mixed-project-aid",10982662
"CH","BF",2016,6,38186478,"non-transfer",21982
"CH","BF",2016,6,38186478,"technical-ooperation",1054792
"CH","BF",2016,6,38186478,"cash-grant",18706869
"CH","BF",2016,6,38186478,"mixed-project-aid",17611439
"CH","BF",2016,6,38186478,"commodities-food",791396
"CH","CO",2016,8,35644503,"gpgs-nngos",111857
"CH","CO",2016,8,35644503,"commodities-food",1362640
"CH","CO",2016,8,35644503,"non-transfer",424907
"CH","CO",2016,8,35644503,"mixed-project-aid",5044051
"CH","CO",2016,8,35644503,"cash-grant",16120527
"CH","CO",2016,8,35644503,"technical-ooperation",12580521
"CH","ML",2016,9,35559284,"mixed-project-aid",23429709
"CH","ML",2016,9,35559284,"commodities-food",1048251
"CH","ML",2016,9,35559284,"gpgs-nngos",177091
"CH","ML",2016,9,35559284,"technical-ooperation",2092727
"CH","ML",2016,9,35559284,"non-transfer",34971
"CH","ML",2016,9,35559284,"cash-grant",8776535
"CH","MM",2016,5,40840415,"gpgs-nngos",1241134
"CH","MM",2016,5,40840415,"commodities-food",2907684
"CH","MM",2016,5,40840415,"non-transfer",34373
"CH","MM",2016,5,40840415,"cash-grant",24886341
"CH","MM",2016,5,40840415,"mixed-project-aid",7078096
"CH","MM",2016,5,40840415,"technical-ooperation",4692787
"CH","NP",2016,3,50601058,"mixed-project-aid",27220884
"CH","NP",2016,3,50601058,"cash-grant",15726641
"CH","NP",2016,3,50601058,"technical-ooperation",7653533
"CH","VN",2016,7,35903192,"mixed-project-aid",2789210
"CH","VN",2016,7,35903192,"non-transfer",430470
"CH","VN",2016,7,35903192,"technical-ooperation",13389690
"CH","VN",2016,7,35903192,"cash-grant",19260186
"CH","VN",2016,7,35903192,"gpgs-nngos",33636
"CH","africa",2016,4,42178545,"mixed-project-aid",8449795
"CH","africa",2016,4,42178545,"cash-loan-equity",11236300
"CH","africa",2016,4,42178545,"technical-ooperation",625863
"CH","africa",2016,4,42178545,"gpgs-nngos",2149464
"CH","africa",2016,4,42178545,"cash-grant",19717123
"CH","bilateral-unspecified",2016,1,1296103244,"non-transfer",894154985
"CH","bilateral-unspecified",2016,1,1296103244,"mixed-project-aid",80155566
"CH","bilateral-unspecified",2016,1,1296103244,"cash-grant",244993571
"CH","bilateral-unspecified",2016,1,1296103244,"commodities-food",789145
"CH","bilateral-unspecified",2016,1,1296103244,"cash-loan-equity",10653300
"CH","bilateral-unspecified",2016,1,1296103244,"gpgs-nngos",21352606
"CH","bilateral-unspecified",2016,1,1296103244,"technical-ooperation",44004071
"CH","south-of-sahara",2016,2,92313830,"non-transfer",47832
"CH","south-of-sahara",2016,2,92313830,"mixed-project-aid",40113450
"CH","south-of-sahara",2016,2,92313830,"cash-grant",12341169
"CH","south-of-sahara",2016,2,92313830,"technical-ooperation",6420856
"CH","south-of-sahara",2016,2,92313830,"commodities-food",3616253
"CH","south-of-sahara",2016,2,92313830,"gpgs-nngos",3141070
"CH","south-of-sahara",2016,2,92313830,"cash-loan-equity",26633200
"CZ","AF",2016,10,2551677,"technical-ooperation",629659
"CZ","AF",2016,10,2551677,"non-transfer",70943
"CZ","AF",2016,10,2551677,"mixed-project-aid",98084
"CZ","AF",2016,10,2551677,"cash-grant",1752991
"CZ","BA",2016,6,2988088,"mixed-project-aid",871919
"CZ","BA",2016,6,2988088,"cash-grant",1231102
"CZ","BA",2016,6,2988088,"non-transfer",370857
"CZ","BA",2016,6,2988088,"technical-ooperation",514210
"CZ","ET",2016,4,3181627,"non-transfer",169637
"CZ","ET",2016,4,3181627,"mixed-project-aid",1121482
"CZ","ET",2016,4,3181627,"cash-grant",874751
"CZ","ET",2016,4,3181627,"gpgs-nngos",201531
"CZ","ET",2016,4,3181627,"technical-ooperation",814226
"CZ","GE",2016,7,2728896,"cash-grant",96282
"CZ","GE",2016,7,2728896,"non-transfer",245933
"CZ","GE",2016,7,2728896,"mixed-project-aid",1040707
"CZ","GE",2016,7,2728896,"technical-ooperation",1238372
"CZ","GE",2016,7,2728896,"gpgs-nngos",107602
"CZ","JO",2016,3,3369241,"mixed-project-aid",1284120
"CZ","JO",2016,3,3369241,"technical-ooperation",412412
"CZ","JO",2016,3,3369241,"cash-grant",1672709
"CZ","MD",2016,2,4022823,"mixed-project-aid",1455397
"CZ","MD",2016,2,4022823,"cash-grant",1217866
"CZ","MD",2016,2,4022823,"technical-ooperation",947883
"CZ","MD",2016,2,4022823,"non-transfer",401677
"CZ","UA",2016,9,2705998,"non-transfer",135026
"CZ","UA",2016,9,2705998,"cash-grant",240082
"CZ","UA",2016,9,2705998,"technical-ooperation",864126
"CZ","UA",2016,9,2705998,"mixed-project-aid",1466764
"CZ","bilateral-unspecified",2016,1,22200153,"mixed-project-aid",34337
"CZ","bilateral-unspecified",2016,1,22200153,"cash-grant",1140438
"CZ","bilateral-unspecified",2016,1,22200153,"technical-ooperation",100626
"CZ","bilateral-unspecified",2016,1,22200153,"non-transfer",20924752
"CZ","europe",2016,8,2709558,"non-transfer",2441527
"CZ","europe",2016,8,2709558,"mixed-project-aid",268031
"CZ","middle-east",2016,5,3150116,"cash-grant",2945886
"CZ","middle-east",2016,5,3150116,"non-transfer",204230
"DE","AF",2016,7,497506794,"cash-grant",159230721
"DE","AF",2016,7,497506794,"non-transfer",5381284
"DE","AF",2016,7,497506794,"technical-ooperation",243399655
"DE","AF",2016,7,497506794,"mixed-project-aid",87240123
"DE","AF",2016,7,497506794,"commodities-food",2255011
"DE","CN",2016,2,827445044,"mixed-project-aid",2453628
"DE","CN",2016,2,827445044,"cash-loan-equity",547727910
"DE","CN",2016,2,827445044,"cash-grant",9675230
"DE","CN",2016,2,827445044,"technical-ooperation",61300120
"DE","CN",2016,2,827445044,"non-transfer",206288156
"DE","ID",2016,5,566606099,"cash-loan-equity",478676138
"DE","ID",2016,5,566606099,"gpgs-nngos",116980
"DE","ID",2016,5,566606099,"cash-grant",9526926
"DE","ID",2016,5,566606099,"technical-ooperation",40787100
"DE","ID",2016,5,566606099,"mixed-project-aid",6187547
"DE","ID",2016,5,566606099,"non-transfer",31311408
"DE","IN",2016,4,611741784,"cash-loan-equity",396659362
"DE","IN",2016,4,611741784,"technical-ooperation",63891097
"DE","IN",2016,4,611741784,"mixed-project-aid",5610011
"DE","IN",2016,4,611741784,"cash-grant",41432792
"DE","IN",2016,4,611741784,"non-transfer",104148522
"DE","IQ",2016,10,361547722,"commodities-food",45076590
"DE","IQ",2016,10,361547722,"technical-ooperation",29438193
"DE","IQ",2016,10,361547722,"non-transfer",6990564
"DE","IQ",2016,10,361547722,"cash-grant",121970232
"DE","IQ",2016,10,361547722,"mixed-project-aid",158072143
"DE","MA",2016,6,560329559,"non-transfer",26282706
"DE","MA",2016,6,560329559,"cash-grant",651438
"DE","MA",2016,6,560329559,"cash-loan-equity",493394732
"DE","MA",2016,6,560329559,"technical-ooperation",34606846
"DE","MA",2016,6,560329559,"mixed-project-aid",5393837
"DE","SY",2016,3,815434085,"non-transfer",43219383
"DE","SY",2016,3,815434085,"technical-ooperation",38742419
"DE","SY",2016,3,815434085,"commodities-food",417946557
"DE","SY",2016,3,815434085,"mixed-project-aid",254897833
"DE","SY",2016,3,815434085,"cash-grant",60627893
"DE","ZA",2016,9,393785519,"mixed-project-aid",18957577
"DE","ZA",2016,9,393785519,"non-transfer",2202650
"DE","ZA",2016,9,393785519,"technical-ooperation",38574221
"DE","ZA",2016,9,393785519,"cash-loan-equity",302322929
"DE","ZA",2016,9,393785519,"cash-grant",31728142
"DE","africa",2016,8,493542306,"cash-grant",33173827
"DE","africa",2016,8,493542306,"mixed-project-aid",6933878
"DE","africa",2016,8,493542306,"cash-loan-equity",369831473
"DE","africa",2016,8,493542306,"non-transfer",61870
"DE","africa",2016,8,493542306,"technical-ooperation",83541258
"DE","bilateral-unspecified",2016,1,8940160221,"gpgs-nngos",52152
"DE","bilateral-unspecified",2016,1,8940160221,"technical-ooperation",816511779
"DE","bilateral-unspecified",2016,1,8940160221,"cash-loan-equity",369432250
"DE","bilateral-unspecified",2016,1,8940160221,"commodities-food",9697059
"DE","bilateral-unspecified",2016,1,8940160221,"mixed-project-aid",23868396
"DE","bilateral-unspecified",2016,1,8940160221,"cash-grant",586101218
"DE","bilateral-unspecified",2016,1,8940160221,"non-transfer",7134497367
"DK","AF",2016,10,38981762,"non-transfer",962
"DK","AF",2016,10,38981762,"cash-grant",20946386
"DK","AF",2016,10,38981762,"gpgs-nngos",160479
"DK","AF",2016,10,38981762,"mixed-project-aid",17873935
"DK","BF",2016,5,47558260,"technical-ooperation",920644
"DK","BF",2016,5,47558260,"mixed-project-aid",14095022
"DK","BF",2016,5,47558260,"non-transfer",7391760
"DK","BF",2016,5,47558260,"cash-grant",25150834
"DK","GH",2016,3,50534652,"cash-grant",36261386
"DK","GH",2016,3,50534652,"gpgs-nngos",96293
"DK","GH",2016,3,50534652,"technical-ooperation",744560
"DK","GH",2016,3,50534652,"mixed-project-aid",10288740
"DK","GH",2016,3,50534652,"non-transfer",3143673
"DK","KE",2016,4,49604990,"cash-loan-equity",3019189
"DK","KE",2016,4,49604990,"mixed-project-aid",39800553
"DK","KE",2016,4,49604990,"technical-ooperation",1521002
"DK","KE",2016,4,49604990,"cash-grant",5264246
"DK","ML",2016,9,39662809,"mixed-project-aid",14854173
"DK","ML",2016,9,39662809,"cash-grant",24047222
"DK","ML",2016,9,39662809,"technical-ooperation",761414
"DK","SY",2016,8,40945803,"mixed-project-aid",28720834
"DK","SY",2016,8,40945803,"cash-grant",12224969
"DK","TZ",2016,2,54340348,"cash-grant",47100105
"DK","TZ",2016,2,54340348,"mixed-project-aid",5977106
"DK","TZ",2016,2,54340348,"cash-loan-equity",444876
"DK","TZ",2016,2,54340348,"technical-ooperation",818261
"DK","UG",2016,7,41868727,"technical-ooperation",935462
"DK","UG",2016,7,41868727,"cash-grant",33452948
"DK","UG",2016,7,41868727,"mixed-project-aid",7480317
"DK","bilateral-unspecified",2016,1,974002329,"mixed-project-aid",73853529
"DK","bilateral-unspecified",2016,1,974002329,"non-transfer",561019320
"DK","bilateral-unspecified",2016,1,974002329,"technical-ooperation",19870778
"DK","bilateral-unspecified",2016,1,974002329,"cash-loan-equity",19958812
"DK","bilateral-unspecified",2016,1,974002329,"gpgs-nngos",6905678
"DK","bilateral-unspecified",2016,1,974002329,"cash-grant",292394212
"DK","middle-east",2016,6,44863495,"gpgs-nngos",2390751
"DK","middle-east",2016,6,44863495,"cash-grant",24278720
"DK","middle-east",2016,6,44863495,"mixed-project-aid",18051423
"DK","middle-east",2016,6,44863495,"technical-ooperation",142601
"ES","CI",2016,3,113962611,"commodities-food",3858
"ES","CI",2016,3,113962611,"mixed-project-aid",165523
"ES","CI",2016,3,113962611,"non-transfer",113771774
"ES","CI",2016,3,113962611,"technical-ooperation",13991
"ES","CI",2016,3,113962611,"cash-grant",7465
"ES","CO",2016,9,19540119,"non-transfer",2616396
"ES","CO",2016,9,19540119,"gpgs-nngos",72493
"ES","CO",2016,9,19540119,"mixed-project-aid",5962410
"ES","CO",2016,9,19540119,"cash-loan-equity",1822960
"ES","CO",2016,9,19540119,"technical-ooperation",2065302
"ES","CO",2016,9,19540119,"cash-grant",6863507
"ES","CO",2016,9,19540119,"commodities-food",137051
"ES","CU",2016,1,2110613698,"non-transfer",2105872455
"ES","CU",2016,1,2110613698,"gpgs-nngos",77151
"ES","CU",2016,1,2110613698,"technical-ooperation",510282
"ES","CU",2016,1,2110613698,"mixed-project-aid",3321598
"ES","CU",2016,1,2110613698,"commodities-food",43234
"ES","CU",2016,1,2110613698,"cash-grant",788978
"ES","MA",2016,6,25556871,"mixed-project-aid",10068596
"ES","MA",2016,6,25556871,"cash-loan-equity",1124300
"ES","MA",2016,6,25556871,"cash-grant",2216397
"ES","MA",2016,6,25556871,"commodities-food",4716470
"ES","MA",2016,6,25556871,"non-transfer",2083552
"ES","MA",2016,6,25556871,"technical-ooperation",5121138
"ES","MA",2016,6,25556871,"gpgs-nngos",226418
"ES","PE",2016,7,21284461,"gpgs-nngos",170
"ES","PE",2016,7,21284461,"non-transfer",161147
"ES","PE",2016,7,21284461,"cash-grant",4168463
"ES","PE",2016,7,21284461,"technical-ooperation",2473311
"ES","PE",2016,7,21284461,"commodities-food",19257
"ES","PE",2016,7,21284461,"mixed-project-aid",14462113
"ES","SV",2016,10,19082149,"non-transfer",1791345
"ES","SV",2016,10,19082149,"cash-grant",1341499
"ES","SV",2016,10,19082149,"technical-ooperation",1983508
"ES","SV",2016,10,19082149,"mixed-project-aid",13905215
"ES","SV",2016,10,19082149,"gpgs-nngos",17606
"ES","SV",2016,10,19082149,"commodities-food",42976
"ES","SY",2016,5,41159548,"non-transfer",34180871
"ES","SY",2016,5,41159548,"cash-grant",3164306
"ES","SY",2016,5,41159548,"mixed-project-aid",2359286
"ES","SY",2016,5,41159548,"technical-ooperation",85782
"ES","SY",2016,5,41159548,"commodities-food",1277007
"ES","SY",2016,5,41159548,"gpgs-nngos",92296
"ES","TR",2016,4,50152838,"technical-ooperation",1259743
"ES","TR",2016,4,50152838,"cash-grant",48480447
"ES","TR",2016,4,50152838,"mixed-project-aid",229610
"ES","TR",2016,4,50152838,"non-transfer",183038
"ES","bilateral-unspecified",2016,2,207841768,"mixed-project-aid",15259715
"ES","bilateral-unspecified",2016,2,207841768,"cash-loan-equity",3178460
"ES","bilateral-unspecified",2016,2,207841768,"cash-grant",25828689
"ES","bilateral-unspecified",2016,2,207841768,"gpgs-nngos",597432
"ES","bilateral-unspecified",2016,2,207841768,"commodities-food",984880
"ES","bilateral-unspecified",2016,2,207841768,"technical-ooperation",35818000
"ES","bilateral-unspecified",2016,2,207841768,"non-transfer",126174592
"ES","north-central-america",2016,8,19722832,"mixed-project-aid",1302918
"ES","north-central-america",2016,8,19722832,"technical-ooperation",966898
"ES","north-central-america",2016,8,19722832,"non-transfer",4024749
"ES","north-central-america",2016,8,19722832,"cash-grant",13428267
"EU","AF",2016,10,396980456,"mixed-project-aid",40020213
"EU","AF",2016,10,396980456,"technical-ooperation",97441136
"EU","AF",2016,10,396980456,"cash-grant",247340233
"EU","AF",2016,10,396980456,"commodities-food",12178874
"EU","MA",2016,3,681400291,"gpgs-nngos",1543379
"EU","MA",2016,3,681400291,"mixed-project-aid",60344130
"EU","MA",2016,3,681400291,"cash-grant",195794630
"EU","MA",2016,3,681400291,"technical-ooperation",2347972
"EU","MA",2016,3,681400291,"cash-loan-equity",421370180
"EU","PS",2016,8,416056426,"cash-grant",307235105
"EU","PS",2016,8,416056426,"non-transfer",395631
"EU","PS",2016,8,416056426,"commodities-food",2749358
"EU","PS",2016,8,416056426,"mixed-project-aid",69996568
"EU","PS",2016,8,416056426,"technical-ooperation",33128673
"EU","PS",2016,8,416056426,"gpgs-nngos",2551091
"EU","RS",2016,6,475726366,"gpgs-nngos",1339307
"EU","RS",2016,6,475726366,"cash-loan-equity",358218920
"EU","RS",2016,6,475726366,"technical-ooperation",14514755
"EU","RS",2016,6,475726366,"cash-grant",30494624
"EU","RS",2016,6,475726366,"commodities-food",1074062
"EU","RS",2016,6,475726366,"mixed-project-aid",68969516
"EU","RS",2016,6,475726366,"non-transfer",1115182
"EU","TN",2016,7,419077595,"gpgs-nngos",411024
"EU","TN",2016,7,419077595,"cash-grant",100226806
"EU","TN",2016,7,419077595,"technical-ooperation",23572658
"EU","TN",2016,7,419077595,"mixed-project-aid",14002727
"EU","TN",2016,7,419077595,"cash-loan-equity",279986300
"EU","TN",2016,7,419077595,"non-transfer",878080
"EU","TR",2016,1,3288818198,"gpgs-nngos",28515
"EU","TR",2016,1,3288818198,"technical-ooperation",109318918
"EU","TR",2016,1,3288818198,"cash-loan-equity",2107826103
"EU","TR",2016,1,3288818198,"commodities-food",49418740
"EU","TR",2016,1,3288818198,"mixed-project-aid",457972448
"EU","TR",2016,1,3288818198,"cash-grant",558376455
"EU","TR",2016,1,3288818198,"non-transfer",5877019
"EU","UA",2016,5,482199281,"cash-loan-equity",89303500
"EU","UA",2016,5,482199281,"mixed-project-aid",38458388
"EU","UA",2016,5,482199281,"commodities-food",13215968
"EU","UA",2016,5,482199281,"gpgs-nngos",1443813
"EU","UA",2016,5,482199281,"technical-ooperation",120315837
"EU","UA",2016,5,482199281,"non-transfer",21960
"EU","UA",2016,5,482199281,"cash-grant",219439815
"EU","africa",2016,4,681049463,"gpgs-nngos",193775
"EU","africa",2016,4,681049463,"cash-loan-equity",348541636
"EU","africa",2016,4,681049463,"mixed-project-aid",57796508
"EU","africa",2016,4,681049463,"commodities-food",2032430
"EU","africa",2016,4,681049463,"non-transfer",116802063
"EU","africa",2016,4,681049463,"technical-ooperation",61632311
"EU","africa",2016,4,681049463,"cash-grant",94050740
"EU","bilateral-unspecified",2016,2,1314454359,"cash-grant",208114943
"EU","bilateral-unspecified",2016,2,1314454359,"gpgs-nngos",45095684
"EU","bilateral-unspecified",2016,2,1314454359,"mixed-project-aid",111317389
"EU","bilateral-unspecified",2016,2,1314454359,"non-transfer",730465351
"EU","bilateral-unspecified",2016,2,1314454359,"technical-ooperation",214149960
"EU","bilateral-unspecified",2016,2,1314454359,"commodities-food",5311032
"EU","south-of-sahara",2016,9,397055535,"commodities-food",6030499
"EU","south-of-sahara",2016,9,397055535,"mixed-project-aid",97714293
"EU","south-of-sahara",2016,9,397055535,"gpgs-nngos",2621987
"EU","south-of-sahara",2016,9,397055535,"cash-grant",201959135
"EU","south-of-sahara",2016,9,397055535,"technical-ooperation",88729621
"FI","AF",2016,2,33218180,"cash-grant",20999071
"FI","AF",2016,2,33218180,"technical-ooperation",7168181
"FI","AF",2016,2,33218180,"mixed-project-aid",2835776
"FI","AF",2016,2,33218180,"gpgs-nngos",657058
"FI","AF",2016,2,33218180,"non-transfer",1558094
"FI","ET",2016,6,21840034,"cash-grant",7434054
"FI","ET",2016,6,21840034,"commodities-food",2194807
"FI","ET",2016,6,21840034,"non-transfer",1644181
"FI","ET",2016,6,21840034,"technical-ooperation",8277107
"FI","ET",2016,6,21840034,"gpgs-nngos",214513
"FI","ET",2016,6,21840034,"cash-loan-equity",1643810
"FI","ET",2016,6,21840034,"mixed-project-aid",431562
"FI","KE",2016,8,17174000,"non-transfer",1463937
"FI","KE",2016,8,17174000,"cash-grant",1848290
"FI","KE",2016,8,17174000,"mixed-project-aid",2483371
"FI","KE",2016,8,17174000,"cash-loan-equity",2304840
"FI","KE",2016,8,17174000,"technical-ooperation",9073562
"FI","MM",2016,10,14203626,"mixed-project-aid",878417
"FI","MM",2016,10,14203626,"non-transfer",614740
"FI","MM",2016,10,14203626,"cash-grant",9898058
"FI","MM",2016,10,14203626,"technical-ooperation",2812411
"FI","MZ",2016,9,16544446,"non-transfer",1597964
"FI","MZ",2016,9,16544446,"technical-ooperation",1731763
"FI","MZ",2016,9,16544446,"mixed-project-aid",2700087
"FI","MZ",2016,9,16544446,"cash-grant",10514632
"FI","NP",2016,3,25694029,"cash-grant",11826817
"FI","NP",2016,3,25694029,"non-transfer",887143
"FI","NP",2016,3,25694029,"cash-loan-equity",353678
"FI","NP",2016,3,25694029,"technical-ooperation",10985900
"FI","NP",2016,3,25694029,"mixed-project-aid",1640491
"FI","TZ",2016,5,21884565,"non-transfer",2222121
"FI","TZ",2016,5,21884565,"cash-loan-equity",590188
"FI","TZ",2016,5,21884565,"cash-grant",2419593
"FI","TZ",2016,5,21884565,"commodities-food",3741
"FI","TZ",2016,5,21884565,"mixed-project-aid",1147727
"FI","TZ",2016,5,21884565,"technical-ooperation",15501195
"FI","africa",2016,4,23049741,"cash-loan-equity",12545848
"FI","africa",2016,4,23049741,"mixed-project-aid",1242498
"FI","africa",2016,4,23049741,"cash-grant",3296465
"FI","africa",2016,4,23049741,"technical-ooperation",1013890
"FI","africa",2016,4,23049741,"non-transfer",19620
"FI","africa",2016,4,23049741,"commodities-food",4931420
"FI","bilateral-unspecified",2016,1,247993066,"technical-ooperation",26037394
"FI","bilateral-unspecified",2016,1,247993066,"non-transfer",158419108
"FI","bilateral-unspecified",2016,1,247993066,"cash-grant",48230793
"FI","bilateral-unspecified",2016,1,247993066,"mixed-project-aid",14896343
"FI","bilateral-unspecified",2016,1,247993066,"gpgs-nngos",409428
"FI","south-of-sahara",2016,7,21836613,"mixed-project-aid",4802906
"FI","south-of-sahara",2016,7,21836613,"commodities-food",1315050
"FI","south-of-sahara",2016,7,21836613,"cash-grant",8865749
"FI","south-of-sahara",2016,7,21836613,"non-transfer",1493999
"FI","south-of-sahara",2016,7,21836613,"technical-ooperation",5358909
"FR","CI",2016,4,294109634,"cash-loan-equity",16320479
"FR","CI",2016,4,294109634,"technical-ooperation",6378569
"FR","CI",2016,4,294109634,"cash-grant",247861491
"FR","CI",2016,4,294109634,"mixed-project-aid",2030839
"FR","CI",2016,4,294109634,"non-transfer",21518256
"FR","CM",2016,5,265348459,"technical-ooperation",10250616
"FR","CM",2016,5,265348459,"non-transfer",23503463
"FR","CM",2016,5,265348459,"cash-grant",48334361
"FR","CM",2016,5,265348459,"mixed-project-aid",3018585
"FR","CM",2016,5,265348459,"cash-loan-equity",180241434
"FR","CO",2016,8,223013599,"mixed-project-aid",323614
"FR","CO",2016,8,223013599,"technical-ooperation",7362961
"FR","CO",2016,8,223013599,"cash-loan-equity",200332000
"FR","CO",2016,8,223013599,"non-transfer",14664806
"FR","CO",2016,8,223013599,"cash-grant",330218
"FR","EG",2016,6,252184207,"cash-loan-equity",228290330
"FR","EG",2016,6,252184207,"non-transfer",17416675
"FR","EG",2016,6,252184207,"mixed-project-aid",464506
"FR","EG",2016,6,252184207,"technical-ooperation",5482147
"FR","EG",2016,6,252184207,"cash-grant",530549
"FR","JO",2016,3,297606514,"cash-grant",275181
"FR","JO",2016,3,297606514,"cash-loan-equity",291830000
"FR","JO",2016,3,297606514,"mixed-project-aid",2828864
"FR","JO",2016,3,297606514,"non-transfer",2169955
"FR","JO",2016,3,297606514,"technical-ooperation",502514
"FR","MA",2016,2,471946125,"non-transfer",121207993
"FR","MA",2016,2,471946125,"cash-grant",664836
"FR","MA",2016,2,471946125,"technical-ooperation",34049671
"FR","MA",2016,2,471946125,"cash-loan-equity",309296218
"FR","MA",2016,2,471946125,"mixed-project-aid",6727407
"FR","MX",2016,10,183401130,"non-transfer",13411568
"FR","MX",2016,10,183401130,"technical-ooperation",8049164
"FR","MX",2016,10,183401130,"mixed-project-aid",1066098
"FR","MX",2016,10,183401130,"cash-loan-equity",160874300
"FR","TR",2016,7,224234550,"technical-ooperation",6662907
"FR","TR",2016,7,224234550,"commodities-food",97806800
"FR","TR",2016,7,224234550,"cash-grant",167310
"FR","TR",2016,7,224234550,"mixed-project-aid",1142552
"FR","TR",2016,7,224234550,"non-transfer",14986781
"FR","TR",2016,7,224234550,"cash-loan-equity",103468200
"FR","bilateral-unspecified",2016,1,1413359205,"cash-loan-equity",3460680
"FR","bilateral-unspecified",2016,1,1413359205,"technical-ooperation",357659224
"FR","bilateral-unspecified",2016,1,1413359205,"cash-grant",65989601
"FR","bilateral-unspecified",2016,1,1413359205,"non-transfer",919624351
"FR","bilateral-unspecified",2016,1,1413359205,"mixed-project-aid",39382344
"FR","bilateral-unspecified",2016,1,1413359205,"commodities-food",27243005
"FR","south-of-sahara",2016,9,205936241,"cash-loan-equity",129041820
"FR","south-of-sahara",2016,9,205936241,"mixed-project-aid",48472595
"FR","south-of-sahara",2016,9,205936241,"cash-grant",25354101
"FR","south-of-sahara",2016,9,205936241,"technical-ooperation",9907
"FR","south-of-sahara",2016,9,205936241,"commodities-food",3057818
"GB","AF",2016,7,393299658,"non-transfer",313457
"GB","AF",2016,7,393299658,"technical-ooperation",51603677
"GB","AF",2016,7,393299658,"commodities-food",3075
"GB","AF",2016,7,393299658,"cash-grant",319263218
"GB","AF",2016,7,393299658,"mixed-project-aid",22116231
"GB","ET",2016,5,503483903,"commodities-food",91564043
"GB","ET",2016,5,503483903,"non-transfer",253
"GB","ET",2016,5,503483903,"gpgs-nngos",2144147
"GB","ET",2016,5,503483903,"technical-ooperation",109394207
"GB","ET",2016,5,503483903,"cash-grant",226349051
"GB","ET",2016,5,503483903,"mixed-project-aid",74032202
"GB","JO",2016,9,263243402,"technical-ooperation",4873923
"GB","JO",2016,9,263243402,"commodities-food",3617220
"GB","JO",2016,9,263243402,"gpgs-nngos",284609
"GB","JO",2016,9,263243402,"cash-grant",86338562
"GB","JO",2016,9,263243402,"non-transfer",526583
"GB","JO",2016,9,263243402,"mixed-project-aid",167602505
"GB","NG",2016,6,481889140,"cash-grant",136417969
"GB","NG",2016,6,481889140,"technical-ooperation",271055516
"GB","NG",2016,6,481889140,"mixed-project-aid",64716500
"GB","NG",2016,6,481889140,"non-transfer",1155925
"GB","NG",2016,6,481889140,"commodities-food",8543230
"GB","PK",2016,2,696577903,"non-transfer",3309400
"GB","PK",2016,2,696577903,"cash-grant",437652054
"GB","PK",2016,2,696577903,"commodities-food",15134713
"GB","PK",2016,2,696577903,"mixed-project-aid",95048469
"GB","PK",2016,2,696577903,"technical-ooperation",144801607
"GB","PK",2016,2,696577903,"gpgs-nngos",631660
"GB","SL",2016,10,253420920,"non-transfer",4938
"GB","SL",2016,10,253420920,"commodities-food",127996
"GB","SL",2016,10,253420920,"cash-grant",128038060
"GB","SL",2016,10,253420920,"technical-ooperation",61705372
"GB","SL",2016,10,253420920,"mixed-project-aid",63544554
"GB","SY",2016,3,529632667,"cash-grant",153199080
"GB","SY",2016,3,529632667,"commodities-food",87335740
"GB","SY",2016,3,529632667,"technical-ooperation",3791742
"GB","SY",2016,3,529632667,"mixed-project-aid",195176804
"GB","SY",2016,3,529632667,"non-transfer",90129301
"GB","TZ",2016,8,281104167,"technical-ooperation",76730176
"GB","TZ",2016,8,281104167,"gpgs-nngos",1961390
"GB","TZ",2016,8,281104167,"cash-grant",100447405
"GB","TZ",2016,8,281104167,"commodities-food",7527550
"GB","TZ",2016,8,281104167,"mixed-project-aid",94088165
"GB","TZ",2016,8,281104167,"non-transfer",349481
"GB","africa",2016,4,508621049,"mixed-project-aid",82275593
"GB","africa",2016,4,508621049,"non-transfer",93919784
"GB","africa",2016,4,508621049,"commodities-food",1851434
"GB","africa",2016,4,508621049,"technical-ooperation",95155570
"GB","africa",2016,4,508621049,"cash-grant",210469550
"GB","africa",2016,4,508621049,"gpgs-nngos",24949118
"GB","bilateral-unspecified",2016,1,4466044694,"cash-grant",2003886387
"GB","bilateral-unspecified",2016,1,4466044694,"mixed-project-aid",292634412
"GB","bilateral-unspecified",2016,1,4466044694,"technical-ooperation",896408315
"GB","bilateral-unspecified",2016,1,4466044694,"gpgs-nngos",151268380
"GB","bilateral-unspecified",2016,1,4466044694,"non-transfer",1104236599
"GB","bilateral-unspecified",2016,1,4466044694,"commodities-food",17610601
"GR","AL",2016,3,625169,"technical-ooperation",303655
"GR","AL",2016,3,625169,"non-transfer",321514
"GR","CD",2016,10,107258,"technical-ooperation",48980
"GR","CD",2016,10,107258,"non-transfer",58278
"GR","DZ",2016,8,137334,"non-transfer",137334
"GR","EG",2016,4,241178,"non-transfer",66611
"GR","EG",2016,4,241178,"technical-ooperation",174567
"GR","PS",2016,6,163674,"non-transfer",163674
"GR","RS",2016,9,125909,"technical-ooperation",17509
"GR","RS",2016,9,125909,"non-transfer",108400
"GR","TN",2016,5,216089,"non-transfer",216089
"GR","TR",2016,2,8244018,"non-transfer",11159
"GR","TR",2016,2,8244018,"technical-ooperation",251439
"GR","TR",2016,2,8244018,"cash-grant",7981420
"GR","UA",2016,7,154997,"non-transfer",64317
"GR","UA",2016,7,154997,"technical-ooperation",90680
"GR","bilateral-unspecified",2016,1,148564912,"non-transfer",148216953
"GR","bilateral-unspecified",2016,1,148564912,"cash-grant",347959
"HU","CN",2016,4,2451255,"technical-ooperation",11134
"HU","CN",2016,4,2451255,"non-transfer",2437940
"HU","CN",2016,4,2451255,"cash-grant",503
"HU","CN",2016,4,2451255,"mixed-project-aid",1678
"HU","JO",2016,5,2405968,"technical-ooperation",921
"HU","JO",2016,5,2405968,"non-transfer",2405047
"HU","LA",2016,3,3117935,"mixed-project-aid",2910369
"HU","LA",2016,3,3117935,"non-transfer",207566
"HU","LK",2016,7,2076391,"mixed-project-aid",2069854
"HU","LK",2016,7,2076391,"cash-grant",1007
"HU","LK",2016,7,2076391,"non-transfer",5530
"HU","NG",2016,10,1195685,"non-transfer",1195685
"HU","RS",2016,6,2086273,"non-transfer",1939798
"HU","RS",2016,6,2086273,"technical-ooperation",41828
"HU","RS",2016,6,2086273,"mixed-project-aid",104647
"HU","TR",2016,1,11883387,"mixed-project-aid",1537
"HU","TR",2016,1,11883387,"non-transfer",1131150
"HU","TR",2016,1,11883387,"cash-grant",10750700
"HU","UA",2016,8,1943283,"technical-ooperation",22443
"HU","UA",2016,8,1943283,"mixed-project-aid",7150
"HU","UA",2016,8,1943283,"non-transfer",1913690
"HU","VN",2016,9,1768900,"non-transfer",1203581
"HU","VN",2016,9,1768900,"mixed-project-aid",560672
"HU","VN",2016,9,1768900,"technical-ooperation",4647
"HU","bilateral-unspecified",2016,2,11230973,"cash-grant",361418
"HU","bilateral-unspecified",2016,2,11230973,"non-transfer",10869555
"IE","ET",2016,2,39291443,"non-transfer",1522906
"IE","ET",2016,2,39291443,"mixed-project-aid",1156697
"IE","ET",2016,2,39291443,"cash-grant",34965965
"IE","ET",2016,2,39291443,"technical-ooperation",885629
"IE","ET",2016,2,39291443,"commodities-food",760246
"IE","MW",2016,6,21625072,"technical-ooperation",618555
"IE","MW",2016,6,21625072,"cash-grant",17013356
"IE","MW",2016,6,21625072,"non-transfer",1000523
"IE","MW",2016,6,21625072,"commodities-food",2992638
"IE","MZ",2016,3,30150161,"cash-grant",24730526
"IE","MZ",2016,3,30150161,"commodities-food",2186546
"IE","MZ",2016,3,30150161,"non-transfer",1889354
"IE","MZ",2016,3,30150161,"technical-ooperation",1343735
"IE","SL",2016,8,11929291,"non-transfer",816533
"IE","SL",2016,8,11929291,"commodities-food",443068
"IE","SL",2016,8,11929291,"cash-grant",10458473
"IE","SL",2016,8,11929291,"technical-ooperation",211217
"IE","SY",2016,10,10546101,"mixed-project-aid",1902492
"IE","SY",2016,10,10546101,"cash-grant",8542917
"IE","SY",2016,10,10546101,"non-transfer",100692
"IE","TZ",2016,4,28122319,"commodities-food",553835
"IE","TZ",2016,4,28122319,"cash-grant",25245726
"IE","TZ",2016,4,28122319,"non-transfer",1516271
"IE","TZ",2016,4,28122319,"technical-ooperation",806487
"IE","UG",2016,5,26434217,"technical-ooperation",839605
"IE","UG",2016,5,26434217,"cash-grant",20243401
"IE","UG",2016,5,26434217,"commodities-food",3670820
"IE","UG",2016,5,26434217,"non-transfer",1680391
"IE","VN",2016,9,11444476,"non-transfer",1138244
"IE","VN",2016,9,11444476,"cash-grant",10177232
"IE","VN",2016,9,11444476,"technical-ooperation",111284
"IE","VN",2016,9,11444476,"mixed-project-aid",17716
"IE","ZM",2016,7,12491373,"non-transfer",1013368
"IE","ZM",2016,7,12491373,"cash-grant",10789537
"IE","ZM",2016,7,12491373,"technical-ooperation",688468
"IE","bilateral-unspecified",2016,1,106140016,"cash-grant",71015335
"IE","bilateral-unspecified",2016,1,106140016,"commodities-food",110767
"IE","bilateral-unspecified",2016,1,106140016,"non-transfer",27268566
"IE","bilateral-unspecified",2016,1,106140016,"mixed-project-aid",3809274
"IE","bilateral-unspecified",2016,1,106140016,"technical-ooperation",2606868
"IE","bilateral-unspecified",2016,1,106140016,"gpgs-nngos",1329206
"IS","AF",2016,7,513456,"cash-grant",310646
"IS","AF",2016,7,513456,"technical-ooperation",202810
"IS","BY",2016,10,344149,"cash-grant",66744
"IS","BY",2016,10,344149,"mixed-project-aid",277405
"IS","LB",2016,9,363748,"cash-grant",363748
"IS","MW",2016,4,4025823,"mixed-project-aid",159527
"IS","MW",2016,4,4025823,"cash-grant",3800286
"IS","MW",2016,4,4025823,"commodities-food",66010
"IS","MZ",2016,5,2623990,"cash-grant",2623990
"IS","PS",2016,8,424972,"mixed-project-aid",143886
"IS","PS",2016,8,424972,"technical-ooperation",7013
"IS","PS",2016,8,424972,"cash-grant",274073
"IS","SY",2016,3,4107699,"cash-grant",3901969
"IS","SY",2016,3,4107699,"non-transfer",22004
"IS","SY",2016,3,4107699,"mixed-project-aid",183726
"IS","UG",2016,2,4362684,"technical-ooperation",137807
"IS","UG",2016,2,4362684,"mixed-project-aid",3137311
"IS","UG",2016,2,4362684,"cash-grant",1087566
"IS","bilateral-unspecified",2016,1,23014437,"cash-grant",5534021
"IS","bilateral-unspecified",2016,1,23014437,"mixed-project-aid",157693
"IS","bilateral-unspecified",2016,1,23014437,"non-transfer",16805029
"IS","bilateral-unspecified",2016,1,23014437,"technical-ooperation",517694
"IS","south-of-sahara",2016,6,1342806,"mixed-project-aid",1140220
"IS","south-of-sahara",2016,6,1342806,"cash-grant",186320
"IS","south-of-sahara",2016,6,1342806,"technical-ooperation",16266
"IT","AF",2016,5,30227978,"cash-loan-equity",1424760
"IT","AF",2016,5,30227978,"cash-grant",25152638
"IT","AF",2016,5,30227978,"technical-ooperation",1776043
"IT","AF",2016,5,30227978,"non-transfer",502259
"IT","AF",2016,5,30227978,"mixed-project-aid",1372278
"IT","ET",2016,4,34967062,"cash-loan-equity",12055710
"IT","ET",2016,4,34967062,"cash-grant",13362723
"IT","ET",2016,4,34967062,"non-transfer",447609
"IT","ET",2016,4,34967062,"mixed-project-aid",6875121
"IT","ET",2016,4,34967062,"technical-ooperation",2225899
"IT","GN",2016,10,21216649,"cash-grant",157144
"IT","GN",2016,10,21216649,"non-transfer",21029596
"IT","GN",2016,10,21216649,"technical-ooperation",29909
"IT","GW",2016,2,100977465,"mixed-project-aid",401808
"IT","GW",2016,2,100977465,"non-transfer",100034723
"IT","GW",2016,2,100977465,"technical-ooperation",98288
"IT","GW",2016,2,100977465,"cash-grant",442646
"IT","IQ",2016,9,21318368,"non-transfer",64954
"IT","IQ",2016,9,21318368,"cash-loan-equity",7651540
"IT","IQ",2016,9,21318368,"technical-ooperation",1685620
"IT","IQ",2016,9,21318368,"mixed-project-aid",1250131
"IT","IQ",2016,9,21318368,"cash-grant",10666123
"IT","TN",2016,7,25762494,"cash-grant",1092202
"IT","TN",2016,7,25762494,"cash-loan-equity",21610059
"IT","TN",2016,7,25762494,"mixed-project-aid",96818
"IT","TN",2016,7,25762494,"non-transfer",614368
"IT","TN",2016,7,25762494,"technical-ooperation",2349047
"IT","TR",2016,3,71044127,"non-transfer",141010
"IT","TR",2016,3,71044127,"technical-ooperation",55865
"IT","TR",2016,3,71044127,"cash-grant",70847252
"IT","bilateral-unspecified",2016,1,1770821204,"non-transfer",1667672550
"IT","bilateral-unspecified",2016,1,1770821204,"cash-grant",92683758
"IT","bilateral-unspecified",2016,1,1770821204,"mixed-project-aid",2350327
"IT","bilateral-unspecified",2016,1,1770821204,"technical-ooperation",2612774
"IT","bilateral-unspecified",2016,1,1770821204,"commodities-food",5501795
"IT","middle-east",2016,8,23094340,"technical-ooperation",64161
"IT","middle-east",2016,8,23094340,"cash-grant",10451152
"IT","middle-east",2016,8,23094340,"mixed-project-aid",12306563
"IT","middle-east",2016,8,23094340,"non-transfer",272464
"IT","south-of-sahara",2016,6,28167636,"commodities-food",14269570
"IT","south-of-sahara",2016,6,28167636,"mixed-project-aid",1437802
"IT","south-of-sahara",2016,6,28167636,"technical-ooperation",1024489
"IT","south-of-sahara",2016,6,28167636,"cash-grant",11395150
"IT","south-of-sahara",2016,6,28167636,"non-transfer",40625
"JP","BD",2016,5,509018095,"mixed-project-aid",14638800
"JP","BD",2016,5,509018095,"technical-ooperation",37830948
"JP","BD",2016,5,509018095,"non-transfer",2275170
"JP","BD",2016,5,509018095,"cash-loan-equity",448874029
"JP","BD",2016,5,509018095,"cash-grant",5399148
"JP","ID",2016,8,358216952,"mixed-project-aid",4716720
"JP","ID",2016,8,358216952,"cash-loan-equity",297793481
"JP","ID",2016,8,358216952,"technical-ooperation",52968797
"JP","ID",2016,8,358216952,"cash-grant",2150336
"JP","ID",2016,8,358216952,"non-transfer",587618
"JP","IN",2016,2,1612711604,"cash-grant",1170007
"JP","IN",2016,2,1612711604,"mixed-project-aid",5893890
"JP","IN",2016,2,1612711604,"non-transfer",460938
"JP","IN",2016,2,1612711604,"cash-loan-equity",1562100014
"JP","IN",2016,2,1612711604,"technical-ooperation",43086755
"JP","IQ",2016,4,563340829,"cash-loan-equity",504150502
"JP","IQ",2016,4,563340829,"non-transfer",118020
"JP","IQ",2016,4,563340829,"technical-ooperation",13510986
"JP","IQ",2016,4,563340829,"cash-grant",30304878
"JP","IQ",2016,4,563340829,"commodities-food",5377443
"JP","IQ",2016,4,563340829,"mixed-project-aid",9879000
"JP","MM",2016,6,453972185,"cash-grant",35787358
"JP","MM",2016,6,453972185,"mixed-project-aid",148533991
"JP","MM",2016,6,453972185,"non-transfer",5026584
"JP","MM",2016,6,453972185,"cash-loan-equity",178501623
"JP","MM",2016,6,453972185,"technical-ooperation",86122629
"JP","PH",2016,10,270067591,"non-transfer",2957685
"JP","PH",2016,10,270067591,"cash-grant",2234715
"JP","PH",2016,10,270067591,"cash-loan-equity",196310183
"JP","PH",2016,10,270067591,"mixed-project-aid",13544575
"JP","PH",2016,10,270067591,"technical-ooperation",55020433
"JP","TH",2016,7,370872454,"technical-ooperation",22008527
"JP","TH",2016,7,370872454,"cash-grant",1445100
"JP","TH",2016,7,370872454,"mixed-project-aid",266602
"JP","TH",2016,7,370872454,"cash-loan-equity",338742974
"JP","TH",2016,7,370872454,"non-transfer",176751
"JP","TH",2016,7,370872454,"commodities-food",8232500
"JP","UA",2016,9,314214996,"cash-loan-equity",304347000
"JP","UA",2016,9,314214996,"non-transfer",43937
"JP","UA",2016,9,314214996,"technical-ooperation",3711724
"JP","UA",2016,9,314214996,"cash-grant",5207337
"JP","UA",2016,9,314214996,"commodities-food",904998
"JP","VN",2016,3,1418344482,"non-transfer",3297112
"JP","VN",2016,3,1418344482,"cash-loan-equity",1324520583
"JP","VN",2016,3,1418344482,"cash-grant",3200994
"JP","VN",2016,3,1418344482,"mixed-project-aid",2469750
"JP","VN",2016,3,1418344482,"technical-ooperation",84856043
"JP","bilateral-unspecified",2016,1,1761379860,"technical-ooperation",578385750
"JP","bilateral-unspecified",2016,1,1761379860,"cash-grant",439390568
"JP","bilateral-unspecified",2016,1,1761379860,"non-transfer",631887331
"JP","bilateral-unspecified",2016,1,1761379860,"mixed-project-aid",109246461
"JP","bilateral-unspecified",2016,1,1761379860,"cash-loan-equity",2469750
"KR","AF",2016,7,51742134,"cash-grant",43321018
"KR","AF",2016,7,51742134,"commodities-food",7052260
"KR","AF",2016,7,51742134,"non-transfer",372428
"KR","AF",2016,7,51742134,"technical-ooperation",996428
"KR","ET",2016,5,62052601,"cash-grant",1083236
"KR","ET",2016,5,62052601,"technical-ooperation",13826136
"KR","ET",2016,5,62052601,"gpgs-nngos",258814
"KR","ET",2016,5,62052601,"mixed-project-aid",9506413
"KR","ET",2016,5,62052601,"cash-loan-equity",36385520
"KR","ET",2016,5,62052601,"non-transfer",992482
"KR","ID",2016,8,50850438,"mixed-project-aid",4730773
"KR","ID",2016,8,50850438,"technical-ooperation",15367532
"KR","ID",2016,8,50850438,"gpgs-nngos",164898
"KR","ID",2016,8,50850438,"cash-loan-equity",29102030
"KR","ID",2016,8,50850438,"cash-grant",816934
"KR","ID",2016,8,50850438,"non-transfer",668271
"KR","KH",2016,6,57752277,"non-transfer",1349334
"KR","KH",2016,6,57752277,"technical-ooperation",25154815
"KR","KH",2016,6,57752277,"cash-loan-equity",20543549
"KR","KH",2016,6,57752277,"gpgs-nngos",1114251
"KR","KH",2016,6,57752277,"mixed-project-aid",6083670
"KR","KH",2016,6,57752277,"cash-grant",3506658
"KR","MM",2016,9,47664584,"technical-ooperation",25775682
"KR","MM",2016,9,47664584,"non-transfer",1573974
"KR","MM",2016,9,47664584,"gpgs-nngos",260419
"KR","MM",2016,9,47664584,"cash-loan-equity",13732700
"KR","MM",2016,9,47664584,"mixed-project-aid",5761444
"KR","MM",2016,9,47664584,"cash-grant",560365
"KR","MZ",2016,10,46352697,"cash-loan-equity",37122165
"KR","MZ",2016,10,46352697,"non-transfer",226515
"KR","MZ",2016,10,46352697,"technical-ooperation",6553260
"KR","MZ",2016,10,46352697,"mixed-project-aid",1736087
"KR","MZ",2016,10,46352697,"cash-grant",714670
"KR","PH",2016,4,63816178,"mixed-project-aid",14464008
"KR","PH",2016,4,63816178,"gpgs-nngos",174323
"KR","PH",2016,4,63816178,"cash-grant",889868
"KR","PH",2016,4,63816178,"cash-loan-equity",37125506
"KR","PH",2016,4,63816178,"non-transfer",1034230
"KR","PH",2016,4,63816178,"technical-ooperation",10128243
"KR","TZ",2016,3,64762893,"cash-grant",2067408
"KR","TZ",2016,3,64762893,"mixed-project-aid",6676921
"KR","TZ",2016,3,64762893,"non-transfer",1303281
"KR","TZ",2016,3,64762893,"technical-ooperation",5174169
"KR","TZ",2016,3,64762893,"cash-loan-equity",49541114
"KR","VN",2016,2,186784125,"cash-loan-equity",134459823
"KR","VN",2016,2,186784125,"mixed-project-aid",14460725
"KR","VN",2016,2,186784125,"cash-grant",2344318
"KR","VN",2016,2,186784125,"non-transfer",2170048
"KR","VN",2016,2,186784125,"technical-ooperation",32609898
"KR","VN",2016,2,186784125,"gpgs-nngos",739313
"KR","bilateral-unspecified",2016,1,237969409,"mixed-project-aid",6447552
"KR","bilateral-unspecified",2016,1,237969409,"cash-grant",30001934
"KR","bilateral-unspecified",2016,1,237969409,"technical-ooperation",43265136
"KR","bilateral-unspecified",2016,1,237969409,"non-transfer",158254787
"LU","BF",2016,4,19924116,"technical-ooperation",5763915
"LU","BF",2016,4,19924116,"mixed-project-aid",2288631
"LU","BF",2016,4,19924116,"cash-grant",9582300
"LU","BF",2016,4,19924116,"non-transfer",2289270
"LU","CV",2016,7,11059163,"commodities-food",142944
"LU","CV",2016,7,11059163,"technical-ooperation",4175312
"LU","CV",2016,7,11059163,"cash-grant",5248458
"LU","CV",2016,7,11059163,"non-transfer",918736
"LU","CV",2016,7,11059163,"mixed-project-aid",573713
"LU","LA",2016,6,12640208,"non-transfer",1375250
"LU","LA",2016,6,12640208,"technical-ooperation",8633164
"LU","LA",2016,6,12640208,"commodities-food",794950
"LU","LA",2016,6,12640208,"gpgs-nngos",562832
"LU","LA",2016,6,12640208,"cash-grant",281472
"LU","LA",2016,6,12640208,"mixed-project-aid",992540
"LU","ML",2016,5,18251848,"cash-grant",3422705
"LU","ML",2016,5,18251848,"mixed-project-aid",4547066
"LU","ML",2016,5,18251848,"commodities-food",146366
"LU","ML",2016,5,18251848,"non-transfer",1100030
"LU","ML",2016,5,18251848,"technical-ooperation",9035681
"LU","NE",2016,2,24479355,"cash-grant",2814718
"LU","NE",2016,2,24479355,"commodities-food",450356
"LU","NE",2016,2,24479355,"mixed-project-aid",1477194
"LU","NE",2016,2,24479355,"non-transfer",2479450
"LU","NE",2016,2,24479355,"technical-ooperation",17257637
"LU","NI",2016,8,9566714,"mixed-project-aid",201098
"LU","NI",2016,8,9566714,"cash-grant",3552751
"LU","NI",2016,8,9566714,"technical-ooperation",4834498
"LU","NI",2016,8,9566714,"non-transfer",978367
"LU","PS",2016,10,7162442,"mixed-project-aid",812166
"LU","PS",2016,10,7162442,"non-transfer",3073
"LU","PS",2016,10,7162442,"technical-ooperation",436289
"LU","PS",2016,10,7162442,"cash-grant",5910914
"LU","SN",2016,3,20387118,"mixed-project-aid",872258
"LU","SN",2016,3,20387118,"technical-ooperation",8210715
"LU","SN",2016,3,20387118,"commodities-food",979524
"LU","SN",2016,3,20387118,"non-transfer",2162286
"LU","SN",2016,3,20387118,"cash-grant",8162335
"LU","VN",2016,9,7242380,"mixed-project-aid",128540
"LU","VN",2016,9,7242380,"technical-ooperation",5844781
"LU","VN",2016,9,7242380,"cash-grant",339132
"LU","VN",2016,9,7242380,"non-transfer",929927
"LU","bilateral-unspecified",2016,1,58084892,"gpgs-nngos",146365
"LU","bilateral-unspecified",2016,1,58084892,"mixed-project-aid",8035041
"LU","bilateral-unspecified",2016,1,58084892,"technical-ooperation",7197502
"LU","bilateral-unspecified",2016,1,58084892,"non-transfer",7857409
"LU","bilateral-unspecified",2016,1,58084892,"cash-grant",34848575
"NL","AF",2016,5,63461810,"cash-grant",50194977
"NL","AF",2016,5,63461810,"mixed-project-aid",9622488
"NL","AF",2016,5,63461810,"technical-ooperation",2088355
"NL","AF",2016,5,63461810,"gpgs-nngos",1555990
"NL","BD",2016,10,38140576,"mixed-project-aid",4643421
"NL","BD",2016,10,38140576,"technical-ooperation",14032097
"NL","BD",2016,10,38140576,"cash-grant",19354750
"NL","BD",2016,10,38140576,"gpgs-nngos",110308
"NL","ET",2016,4,73668724,"commodities-food",13241074
"NL","ET",2016,4,73668724,"cash-grant",35514349
"NL","ET",2016,4,73668724,"technical-ooperation",14169458
"NL","ET",2016,4,73668724,"gpgs-nngos",393799
"NL","ET",2016,4,73668724,"mixed-project-aid",10350044
"NL","IQ",2016,9,42587922,"cash-grant",40224515
"NL","IQ",2016,9,42587922,"mixed-project-aid",2363407
"NL","LB",2016,7,52067070,"mixed-project-aid",17031422
"NL","LB",2016,7,52067070,"cash-grant",23702922
"NL","LB",2016,7,52067070,"technical-ooperation",11030800
"NL","LB",2016,7,52067070,"gpgs-nngos",301926
"NL","RW",2016,6,55750937,"commodities-food",1011520
"NL","RW",2016,6,55750937,"technical-ooperation",11690274
"NL","RW",2016,6,55750937,"cash-grant",39905173
"NL","RW",2016,6,55750937,"mixed-project-aid",3143970
"NL","SS",2016,8,48555255,"technical-ooperation",215981
"NL","SS",2016,8,48555255,"mixed-project-aid",27583319
"NL","SS",2016,8,48555255,"commodities-food",5515390
"NL","SS",2016,8,48555255,"cash-grant",15240565
"NL","TR",2016,3,106396144,"technical-ooperation",628313
"NL","TR",2016,3,106396144,"non-transfer",103579000
"NL","TR",2016,3,106396144,"gpgs-nngos",99745
"NL","TR",2016,3,106396144,"cash-grant",335101
"NL","TR",2016,3,106396144,"mixed-project-aid",1753985
"NL","bilateral-unspecified",2016,1,2161534063,"commodities-food",47559937
"NL","bilateral-unspecified",2016,1,2161534063,"mixed-project-aid",470470201
"NL","bilateral-unspecified",2016,1,2161534063,"technical-ooperation",247946979
"NL","bilateral-unspecified",2016,1,2161534063,"cash-grant",587722257
"NL","bilateral-unspecified",2016,1,2161534063,"non-transfer",782592391
"NL","bilateral-unspecified",2016,1,2161534063,"gpgs-nngos",25242298
"NL","south-of-sahara",2016,2,194665098,"cash-grant",117605917
"NL","south-of-sahara",2016,2,194665098,"mixed-project-aid",18010008
"NL","south-of-sahara",2016,2,194665098,"technical-ooperation",59049173
"NO","AF",2016,4,87756439,"non-transfer",1869570
"NO","AF",2016,4,87756439,"gpgs-nngos",1177378
"NO","AF",2016,4,87756439,"mixed-project-aid",31182627
"NO","AF",2016,4,87756439,"cash-grant",43242331
"NO","AF",2016,4,87756439,"commodities-food",9456930
"NO","AF",2016,4,87756439,"technical-ooperation",827603
"NO","BR",2016,3,118158744,"mixed-project-aid",3066367
"NO","BR",2016,3,118158744,"cash-grant",111750008
"NO","BR",2016,3,118158744,"technical-ooperation",1133429
"NO","BR",2016,3,118158744,"gpgs-nngos",2208940
"NO","ID",2016,9,57648099,"cash-grant",8408332
"NO","ID",2016,9,57648099,"mixed-project-aid",38968583
"NO","ID",2016,9,57648099,"gpgs-nngos",8366602
"NO","ID",2016,9,57648099,"non-transfer",110500
"NO","ID",2016,9,57648099,"technical-ooperation",1794082
"NO","LB",2016,7,68900824,"gpgs-nngos",252185
"NO","LB",2016,7,68900824,"cash-grant",20014856
"NO","LB",2016,7,68900824,"mixed-project-aid",46639379
"NO","LB",2016,7,68900824,"technical-ooperation",1994404
"NO","MW",2016,8,66661363,"technical-ooperation",9739613
"NO","MW",2016,8,66661363,"non-transfer",259095
"NO","MW",2016,8,66661363,"mixed-project-aid",29627923
"NO","MW",2016,8,66661363,"cash-grant",22848462
"NO","MW",2016,8,66661363,"commodities-food",4186270
"NO","PS",2016,5,73229467,"commodities-food",1260920
"NO","PS",2016,5,73229467,"mixed-project-aid",16578041
"NO","PS",2016,5,73229467,"technical-ooperation",4143012
"NO","PS",2016,5,73229467,"non-transfer",28015
"NO","PS",2016,5,73229467,"gpgs-nngos",1446280
"NO","PS",2016,5,73229467,"cash-grant",49773199
"NO","SS",2016,6,72794985,"cash-grant",25980418
"NO","SS",2016,6,72794985,"commodities-food",19321293
"NO","SS",2016,6,72794985,"mixed-project-aid",24943441
"NO","SS",2016,6,72794985,"gpgs-nngos",41978
"NO","SS",2016,6,72794985,"technical-ooperation",2507855
"NO","SY",2016,2,128886085,"commodities-food",5800260
"NO","SY",2016,2,128886085,"cash-grant",23642366
"NO","SY",2016,2,128886085,"mixed-project-aid",99198018
"NO","SY",2016,2,128886085,"technical-ooperation",245441
"NO","bilateral-unspecified",2016,1,1977316624,"mixed-project-aid",110757082
"NO","bilateral-unspecified",2016,1,1977316624,"non-transfer",1117383183
"NO","bilateral-unspecified",2016,1,1977316624,"gpgs-nngos",25562366
"NO","bilateral-unspecified",2016,1,1977316624,"technical-ooperation",86398227
"NO","bilateral-unspecified",2016,1,1977316624,"commodities-food",10717900
"NO","bilateral-unspecified",2016,1,1977316624,"cash-grant",626497866
"NO","south-of-sahara",2016,10,57394295,"gpgs-nngos",159807
"NO","south-of-sahara",2016,10,57394295,"technical-ooperation",2533313
"NO","south-of-sahara",2016,10,57394295,"mixed-project-aid",4284929
"NO","south-of-sahara",2016,10,57394295,"cash-grant",50416246
"NZ","CK",2016,6,14923230,"cash-grant",8448985
"NZ","CK",2016,6,14923230,"technical-ooperation",318518
"NZ","CK",2016,6,14923230,"mixed-project-aid",6080135
"NZ","CK",2016,6,14923230,"non-transfer",75592
"NZ","NU",2016,5,16401257,"mixed-project-aid",8516565
"NZ","NU",2016,5,16401257,"cash-grant",7778298
"NZ","NU",2016,5,16401257,"non-transfer",81526
"NZ","NU",2016,5,16401257,"technical-ooperation",24868
"NZ","PG",2016,8,14479407,"cash-grant",2793184
"NZ","PG",2016,8,14479407,"non-transfer",3703277
"NZ","PG",2016,8,14479407,"technical-ooperation",3213032
"NZ","PG",2016,8,14479407,"mixed-project-aid",4769914
"NZ","SB",2016,3,19893259,"cash-grant",10722169
"NZ","SB",2016,3,19893259,"non-transfer",2157777
"NZ","SB",2016,3,19893259,"technical-ooperation",5949351
"NZ","SB",2016,3,19893259,"mixed-project-aid",1063962
"NZ","TL",2016,7,14626438,"cash-grant",3790089
"NZ","TL",2016,7,14626438,"technical-ooperation",2941582
"NZ","TL",2016,7,14626438,"mixed-project-aid",5791348
"NZ","TL",2016,7,14626438,"non-transfer",2103419
"NZ","TO",2016,10,13844336,"technical-ooperation",1831695
"NZ","TO",2016,10,13844336,"mixed-project-aid",3717199
"NZ","TO",2016,10,13844336,"non-transfer",2121554
"NZ","TO",2016,10,13844336,"cash-grant",6173888
"NZ","TV",2016,9,13947216,"technical-ooperation",864808
"NZ","TV",2016,9,13947216,"non-transfer",817334
"NZ","TV",2016,9,13947216,"mixed-project-aid",6886630
"NZ","TV",2016,9,13947216,"cash-grant",5378444
"NZ","VU",2016,4,18962740,"cash-grant",4893558
"NZ","VU",2016,4,18962740,"non-transfer",1610292
"NZ","VU",2016,4,18962740,"technical-ooperation",3584105
"NZ","VU",2016,4,18962740,"mixed-project-aid",8874785
"NZ","bilateral-unspecified",2016,1,60053812,"technical-ooperation",585507
"NZ","bilateral-unspecified",2016,1,60053812,"cash-grant",4173976
"NZ","bilateral-unspecified",2016,1,60053812,"mixed-project-aid",20223910
"NZ","bilateral-unspecified",2016,1,60053812,"non-transfer",35070419
"NZ","oceania",2016,2,49529484,"non-transfer",16333187
"NZ","oceania",2016,2,49529484,"technical-ooperation",8247762
"NZ","oceania",2016,2,49529484,"cash-grant",16579537
"NZ","oceania",2016,2,49529484,"mixed-project-aid",8368998
"PL","AO",2016,9,6180532,"cash-loan-equity",6019070
"PL","AO",2016,9,6180532,"non-transfer",161462
"PL","BY",2016,4,19992752,"non-transfer",9553698
"PL","BY",2016,4,19992752,"technical-ooperation",8254398
"PL","BY",2016,4,19992752,"cash-grant",1980453
"PL","BY",2016,4,19992752,"mixed-project-aid",204203
"PL","ET",2016,1,44083895,"technical-ooperation",249435
"PL","ET",2016,1,44083895,"non-transfer",47788
"PL","ET",2016,1,44083895,"cash-loan-equity",43402500
"PL","ET",2016,1,44083895,"cash-grant",329422
"PL","ET",2016,1,44083895,"mixed-project-aid",54750
"PL","KE",2016,8,9171654,"non-transfer",38058
"PL","KE",2016,8,9171654,"cash-loan-equity",8300090
"PL","KE",2016,8,9171654,"technical-ooperation",833506
"PL","MD",2016,10,2233785,"non-transfer",322578
"PL","MD",2016,10,2233785,"mixed-project-aid",483727
"PL","MD",2016,10,2233785,"technical-ooperation",1129832
"PL","MD",2016,10,2233785,"cash-grant",297648
"PL","SY",2016,6,9834001,"non-transfer",49635
"PL","SY",2016,6,9834001,"cash-grant",5043887
"PL","SY",2016,6,9834001,"commodities-food",1781693
"PL","SY",2016,6,9834001,"mixed-project-aid",2958786
"PL","TR",2016,5,18893916,"cash-grant",18869500
"PL","TR",2016,5,18893916,"non-transfer",24416
"PL","TZ",2016,3,23871869,"non-transfer",11893
"PL","TZ",2016,3,23871869,"cash-loan-equity",22932700
"PL","TZ",2016,3,23871869,"mixed-project-aid",467095
"PL","TZ",2016,3,23871869,"technical-ooperation",460181
"PL","UA",2016,2,25116805,"non-transfer",17318183
"PL","UA",2016,2,25116805,"technical-ooperation",1925411
"PL","UA",2016,2,25116805,"mixed-project-aid",1821720
"PL","UA",2016,2,25116805,"cash-grant",4051491
"PL","bilateral-unspecified",2016,7,9681528,"non-transfer",8576112
"PL","bilateral-unspecified",2016,7,9681528,"cash-grant",120556
"PL","bilateral-unspecified",2016,7,9681528,"mixed-project-aid",630831
"PL","bilateral-unspecified",2016,7,9681528,"technical-ooperation",354029
"PT","AO",2016,10,5129543,"technical-ooperation",3348417
"PT","AO",2016,10,5129543,"cash-grant",27314
"PT","AO",2016,10,5129543,"non-transfer",681191
"PT","AO",2016,10,5129543,"mixed-project-aid",1072621
"PT","CN",2016,7,8730270,"cash-loan-equity",8191480
"PT","CN",2016,7,8730270,"technical-ooperation",328652
"PT","CN",2016,7,8730270,"non-transfer",210138
"PT","CV",2016,2,33543619,"non-transfer",7716454
"PT","CV",2016,2,33543619,"cash-loan-equity",16279700
"PT","CV",2016,2,33543619,"cash-grant",1189342
"PT","CV",2016,2,33543619,"technical-ooperation",3849843
"PT","CV",2016,2,33543619,"mixed-project-aid",4508280
"PT","GW",2016,6,12815899,"technical-ooperation",4520881
"PT","GW",2016,6,12815899,"cash-grant",1545112
"PT","GW",2016,6,12815899,"non-transfer",2133036
"PT","GW",2016,6,12815899,"mixed-project-aid",4616870
"PT","MA",2016,9,6876017,"cash-loan-equity",6520890
"PT","MA",2016,9,6876017,"non-transfer",15101
"PT","MA",2016,9,6876017,"technical-ooperation",340026
"PT","MZ",2016,1,40621908,"non-transfer",19251257
"PT","MZ",2016,1,40621908,"mixed-project-aid",541569
"PT","MZ",2016,1,40621908,"cash-loan-equity",10503100
"PT","MZ",2016,1,40621908,"technical-ooperation",8881842
"PT","MZ",2016,1,40621908,"cash-grant",1444140
"PT","ST",2016,3,15347143,"cash-loan-equity",5179280
"PT","ST",2016,3,15347143,"non-transfer",2321671
"PT","ST",2016,3,15347143,"cash-grant",1867489
"PT","ST",2016,3,15347143,"technical-ooperation",3047574
"PT","ST",2016,3,15347143,"mixed-project-aid",2931129
"PT","SY",2016,8,7727783,"cash-grant",7645940
"PT","SY",2016,8,7727783,"technical-ooperation",36054
"PT","SY",2016,8,7727783,"mixed-project-aid",43702
"PT","SY",2016,8,7727783,"non-transfer",2087
"PT","TL",2016,5,14401961,"mixed-project-aid",15539
"PT","TL",2016,5,14401961,"technical-ooperation",12246026
"PT","TL",2016,5,14401961,"cash-grant",281354
"PT","TL",2016,5,14401961,"non-transfer",1859042
"PT","bilateral-unspecified",2016,4,14927952,"mixed-project-aid",630067
"PT","bilateral-unspecified",2016,4,14927952,"technical-ooperation",1635475
"PT","bilateral-unspecified",2016,4,14927952,"cash-grant",2477157
"PT","bilateral-unspecified",2016,4,14927952,"non-transfer",10185253
"SE","AF",2016,2,115184541,"cash-grant",90430307
"SE","AF",2016,2,115184541,"commodities-food",585760
"SE","AF",2016,2,115184541,"non-transfer",90196
"SE","AF",2016,2,115184541,"technical-ooperation",13547563
"SE","AF",2016,2,115184541,"mixed-project-aid",10530715
"SE","CD",2016,9,56060062,"technical-ooperation",4713234
"SE","CD",2016,9,56060062,"commodities-food",1050920
"SE","CD",2016,9,56060062,"non-transfer",12951
"SE","CD",2016,9,56060062,"cash-grant",42463573
"SE","CD",2016,9,56060062,"mixed-project-aid",7819384
"SE","KE",2016,10,53955987,"mixed-project-aid",5766388
"SE","KE",2016,10,53955987,"cash-grant",30270761
"SE","KE",2016,10,53955987,"technical-ooperation",17271285
"SE","KE",2016,10,53955987,"non-transfer",647553
"SE","MZ",2016,5,76978229,"cash-grant",63782934
"SE","MZ",2016,5,76978229,"non-transfer",1277659
"SE","MZ",2016,5,76978229,"technical-ooperation",10779955
"SE","MZ",2016,5,76978229,"mixed-project-aid",1137681
"SE","PS",2016,8,61732159,"mixed-project-aid",20920273
"SE","PS",2016,8,61732159,"non-transfer",39168
"SE","PS",2016,8,61732159,"technical-ooperation",2095995
"SE","PS",2016,8,61732159,"cash-grant",38676723
"SE","SO",2016,6,66651093,"non-transfer",122989
"SE","SO",2016,6,66651093,"technical-ooperation",11148898
"SE","SO",2016,6,66651093,"cash-grant",53674371
"SE","SO",2016,6,66651093,"mixed-project-aid",1704835
"SE","TZ",2016,3,94555668,"non-transfer",715102
"SE","TZ",2016,3,94555668,"gpgs-nngos",23428
"SE","TZ",2016,3,94555668,"mixed-project-aid",8994209
"SE","TZ",2016,3,94555668,"technical-ooperation",16469621
"SE","TZ",2016,3,94555668,"cash-grant",68353308
"SE","bilateral-unspecified",2016,1,1845861217,"gpgs-nngos",7099570
"SE","bilateral-unspecified",2016,1,1845861217,"mixed-project-aid",73704074
"SE","bilateral-unspecified",2016,1,1845861217,"cash-grant",560799371
"SE","bilateral-unspecified",2016,1,1845861217,"technical-ooperation",92427254
"SE","bilateral-unspecified",2016,1,1845861217,"cash-loan-equity",46879600
"SE","bilateral-unspecified",2016,1,1845861217,"non-transfer",1064951348
"SE","middle-east",2016,7,62349144,"non-transfer",200163
"SE","middle-east",2016,7,62349144,"cash-grant",34268485
"SE","middle-east",2016,7,62349144,"technical-ooperation",11960512
"SE","middle-east",2016,7,62349144,"mixed-project-aid",15919984
"SE","south-of-sahara",2016,4,84591554,"cash-grant",60811885
"SE","south-of-sahara",2016,4,84591554,"mixed-project-aid",6927005
"SE","south-of-sahara",2016,4,84591554,"non-transfer",257089
"SE","south-of-sahara",2016,4,84591554,"gpgs-nngos",703194
"SE","south-of-sahara",2016,4,84591554,"technical-ooperation",15892381
"SI","AL",2016,8,645190,"technical-ooperation",482854
"SI","AL",2016,8,645190,"cash-grant",162336
"SI","BA",2016,2,3456727,"non-transfer",2324453
"SI","BA",2016,2,3456727,"cash-grant",595458
"SI","BA",2016,2,3456727,"technical-ooperation",536816
"SI","ME",2016,6,1354605,"mixed-project-aid",27453
"SI","ME",2016,6,1354605,"non-transfer",327208
"SI","ME",2016,6,1354605,"technical-ooperation",357799
"SI","ME",2016,6,1354605,"cash-grant",642145
"SI","MK",2016,3,2988834,"cash-grant",185372
"SI","MK",2016,3,2988834,"mixed-project-aid",25945
"SI","MK",2016,3,2988834,"non-transfer",2612441
"SI","MK",2016,3,2988834,"technical-ooperation",165076
"SI","PS",2016,10,345705,"non-transfer",55822
"SI","PS",2016,10,345705,"technical-ooperation",234854
"SI","PS",2016,10,345705,"cash-grant",55029
"SI","RS",2016,4,2200649,"cash-grant",910105
"SI","RS",2016,4,2200649,"non-transfer",1047014
"SI","RS",2016,4,2200649,"technical-ooperation",243530
"SI","TR",2016,5,1653735,"cash-grant",1653735
"SI","XK",2016,7,1226630,"mixed-project-aid",18284
"SI","XK",2016,7,1226630,"non-transfer",308527
"SI","XK",2016,7,1226630,"technical-ooperation",734731
"SI","XK",2016,7,1226630,"cash-grant",165088
"SI","bilateral-unspecified",2016,1,11725599,"technical-ooperation",210861
"SI","bilateral-unspecified",2016,1,11725599,"non-transfer",11059878
"SI","bilateral-unspecified",2016,1,11725599,"cash-grant",454860
"SI","ex-yugoslavia",2016,9,598118,"cash-grant",411271
"SI","ex-yugoslavia",2016,9,598118,"technical-ooperation",186847
"SK","GE",2016,9,445730,"mixed-project-aid",193059
"SK","GE",2016,9,445730,"technical-ooperation",148365
"SK","GE",2016,9,445730,"non-transfer",38680
"SK","GE",2016,9,445730,"cash-grant",65626
"SK","KE",2016,3,2123966,"mixed-project-aid",394925
"SK","KE",2016,3,2123966,"cash-grant",378485
"SK","KE",2016,3,2123966,"non-transfer",117458
"SK","KE",2016,3,2123966,"technical-ooperation",1233098
"SK","MD",2016,8,468927,"technical-ooperation",90703
"SK","MD",2016,8,468927,"cash-grant",1649
"SK","MD",2016,8,468927,"mixed-project-aid",308706
"SK","MD",2016,8,468927,"non-transfer",67869
"SK","ME",2016,7,586284,"mixed-project-aid",583489
"SK","ME",2016,7,586284,"technical-ooperation",2795
"SK","RS",2016,5,1080126,"technical-ooperation",169108
"SK","RS",2016,5,1080126,"cash-grant",11120
"SK","RS",2016,5,1080126,"non-transfer",899898
"SK","TR",2016,2,3357060,"cash-grant",3357060
"SK","UA",2016,4,1631271,"cash-grant",164554
"SK","UA",2016,4,1631271,"mixed-project-aid",69628
"SK","UA",2016,4,1631271,"technical-ooperation",1262015
"SK","UA",2016,4,1631271,"non-transfer",135074
"SK","XK",2016,10,391074,"technical-ooperation",213288
"SK","XK",2016,10,391074,"mixed-project-aid",81483
"SK","XK",2016,10,391074,"cash-grant",62560
"SK","XK",2016,10,391074,"non-transfer",33743
"SK","bilateral-unspecified",2016,1,11937754,"non-transfer",3566360
"SK","bilateral-unspecified",2016,1,11937754,"mixed-project-aid",42229
"SK","bilateral-unspecified",2016,1,11937754,"technical-ooperation",9904
"SK","bilateral-unspecified",2016,1,11937754,"cash-grant",8319261
"SK","europe",2016,6,692531,"technical-ooperation",195180
"SK","europe",2016,6,692531,"cash-grant",497351
"US","AF",2016,2,1368601827,"commodities-food",14190000
"US","AF",2016,2,1368601827,"mixed-project-aid",684459210
"US","AF",2016,2,1368601827,"cash-grant",602003666
"US","AF",2016,2,1368601827,"gpgs-nngos",19085298
"US","AF",2016,2,1368601827,"technical-ooperation",48863653
"US","ET",2016,4,867229438,"cash-grant",105071920
"US","ET",2016,4,867229438,"technical-ooperation",49541017
"US","ET",2016,4,867229438,"mixed-project-aid",299292838
"US","ET",2016,4,867229438,"gpgs-nngos",33158673
"US","ET",2016,4,867229438,"commodities-food",380164990
"US","JO",2016,3,870392982,"commodities-food",52762505
"US","JO",2016,3,870392982,"technical-ooperation",31255187
"US","JO",2016,3,870392982,"cash-grant",114453956
"US","JO",2016,3,870392982,"gpgs-nngos",10059612
"US","JO",2016,3,870392982,"mixed-project-aid",661861722
"US","KE",2016,5,801008682,"commodities-food",75890721
"US","KE",2016,5,801008682,"mixed-project-aid",436681457
"US","KE",2016,5,801008682,"cash-grant",216166945
"US","KE",2016,5,801008682,"gpgs-nngos",36047462
"US","KE",2016,5,801008682,"technical-ooperation",36222097
"US","PK",2016,9,625006377,"cash-grant",188513341
"US","PK",2016,9,625006377,"commodities-food",29081186
"US","PK",2016,9,625006377,"technical-ooperation",66192128
"US","PK",2016,9,625006377,"gpgs-nngos",23625295
"US","PK",2016,9,625006377,"mixed-project-aid",317594427
"US","PS",2016,6,643409716,"commodities-food",877901
"US","PS",2016,6,643409716,"cash-grant",374472089
"US","PS",2016,6,643409716,"mixed-project-aid",251519287
"US","PS",2016,6,643409716,"technical-ooperation",16540439
"US","SS",2016,10,540875113,"commodities-food",253491250
"US","SS",2016,10,540875113,"gpgs-nngos",1102290
"US","SS",2016,10,540875113,"technical-ooperation",9282446
"US","SS",2016,10,540875113,"cash-grant",113156868
"US","SS",2016,10,540875113,"mixed-project-aid",163842259
"US","SY",2016,8,629571031,"mixed-project-aid",234579206
"US","SY",2016,8,629571031,"cash-grant",142617099
"US","SY",2016,8,629571031,"technical-ooperation",1690334
"US","SY",2016,8,629571031,"commodities-food",250684392
"US","bilateral-unspecified",2016,1,9176537863,"technical-ooperation",911422733
"US","bilateral-unspecified",2016,1,9176537863,"commodities-food",68881332
"US","bilateral-unspecified",2016,1,9176537863,"non-transfer",3958177553
"US","bilateral-unspecified",2016,1,9176537863,"gpgs-nngos",255430753
"US","bilateral-unspecified",2016,1,9176537863,"mixed-project-aid",2272610384
"US","bilateral-unspecified",2016,1,9176537863,"cash-grant",1710015108
"US","south-of-sahara",2016,7,631928985,"gpgs-nngos",18193015
"US","south-of-sahara",2016,7,631928985,"technical-ooperation",34470992
"US","south-of-sahara",2016,7,631928985,"commodities-food",22326745
"US","south-of-sahara",2016,7,631928985,"mixed-project-aid",236077170
"US","south-of-sahara",2016,7,631928985,"cash-grant",320861063
"AT","other",2016,11,177344009,"cash-grant",31323625
"AT","other",2016,11,177344009,"gpgs-nngos",714365
"AT","other",2016,11,177344009,"commodities-food",2584321
"AT","other",2016,11,177344009,"cash-loan-equity",2510599
"AT","other",2016,11,177344009,"mixed-project-aid",8858041
"AT","other",2016,11,177344009,"non-transfer",80832150
"AT","other",2016,11,177344009,"technical-ooperation",50520908
"AU","other",2016,11,586900813,"mixed-project-aid",107845034
"AU","other",2016,11,586900813,"cash-grant",252880605
"AU","other",2016,11,586900813,"non-transfer",62697551
"AU","other",2016,11,586900813,"technical-ooperation",143952788
"AU","other",2016,11,586900813,"commodities-food",15178265
"AU","other",2016,11,586900813,"gpgs-nngos",4346570
"BE","other",2016,11,391989169,"mixed-project-aid",80382417
"BE","other",2016,11,391989169,"technical-ooperation",73674297
"BE","other",2016,11,391989169,"gpgs-nngos",924469
"BE","other",2016,11,391989169,"non-transfer",28628955
"BE","other",2016,11,391989169,"cash-grant",162712326
"BE","other",2016,11,391989169,"commodities-food",29708072
"BE","other",2016,11,391989169,"cash-loan-equity",15958633
"CA","other",2016,11,1299503225,"non-transfer",48305213
"CA","other",2016,11,1299503225,"gpgs-nngos",6776570
"CA","other",2016,11,1299503225,"technical-ooperation",526314234
"CA","other",2016,11,1299503225,"cash-grant",502184381
"CA","other",2016,11,1299503225,"mixed-project-aid",94401921
"CA","other",2016,11,1299503225,"commodities-food",121520906
"CH","other",2016,11,1244438849,"mixed-project-aid",495946627
"CH","other",2016,11,1244438849,"technical-ooperation",144041030
"CH","other",2016,11,1244438849,"gpgs-nngos",25652294
"CH","other",2016,11,1244438849,"non-transfer",16588097
"CH","other",2016,11,1244438849,"commodities-food",62797011
"CH","other",2016,11,1244438849,"cash-loan-equity",31959900
"CH","other",2016,11,1244438849,"cash-grant",467453890
"CZ","other",2016,11,20713315,"mixed-project-aid",6080143
"CZ","other",2016,11,20713315,"cash-grant",3957666
"CZ","other",2016,11,20713315,"commodities-food",285177
"CZ","other",2016,11,20713315,"technical-ooperation",6880519
"CZ","other",2016,11,20713315,"non-transfer",3331907
"CZ","other",2016,11,20713315,"gpgs-nngos",177903
"DE","other",2016,11,7420570660,"cash-grant",1502124523
"DE","other",2016,11,7420570660,"commodities-food",459921536
"DE","other",2016,11,7420570660,"technical-ooperation",1803480304
"DE","other",2016,11,7420570660,"mixed-project-aid",991627586
"DE","other",2016,11,7420570660,"cash-loan-equity",1980250861
"DE","other",2016,11,7420570660,"non-transfer",683165850
"DK","other",2016,11,402212106,"commodities-food",5205602
"DK","other",2016,11,402212106,"gpgs-nngos",3692900
"DK","other",2016,11,402212106,"cash-grant",154516904
"DK","other",2016,11,402212106,"cash-loan-equity",30404947
"DK","other",2016,11,402212106,"technical-ooperation",10060886
"DK","other",2016,11,402212106,"non-transfer",7607964
"DK","other",2016,11,402212106,"mixed-project-aid",190722903
"ES","other",2016,11,352717676,"commodities-food",6846058
"ES","other",2016,11,352717676,"cash-grant",65204996
"ES","other",2016,11,352717676,"gpgs-nngos",1066919
"ES","other",2016,11,352717676,"mixed-project-aid",131022777
"ES","other",2016,11,352717676,"technical-ooperation",39755779
"ES","other",2016,11,352717676,"cash-loan-equity",29177849
"ES","other",2016,11,352717676,"non-transfer",79643298
"EU","other",2016,11,9942848101,"commodities-food",885980049
"EU","other",2016,11,9942848101,"gpgs-nngos",71691567
"EU","other",2016,11,9942848101,"mixed-project-aid",2548542954
"EU","other",2016,11,9942848101,"cash-grant",3622526653
"EU","other",2016,11,9942848101,"cash-loan-equity",1520143335
"EU","other",2016,11,9942848101,"non-transfer",131586304
"EU","other",2016,11,9942848101,"technical-ooperation",1162377239
"FI","other",2016,11,189603428,"cash-grant",46337305
"FI","other",2016,11,189603428,"commodities-food",23049500
"FI","other",2016,11,189603428,"cash-loan-equity",4644653
"FI","other",2016,11,189603428,"gpgs-nngos",1908631
"FI","other",2016,11,189603428,"non-transfer",18556218
"FI","other",2016,11,189603428,"technical-ooperation",45298467
"FI","other",2016,11,189603428,"mixed-project-aid",49808654
"FR","other",2016,11,3560607986,"technical-ooperation",332971820
"FR","other",2016,11,3560607986,"commodities-food",12568205
"FR","other",2016,11,3560607986,"gpgs-nngos",490780
"FR","other",2016,11,3560607986,"mixed-project-aid",367912939
"FR","other",2016,11,3560607986,"cash-grant",333876764
"FR","other",2016,11,3560607986,"cash-loan-equity",1694748070
"FR","other",2016,11,3560607986,"non-transfer",818039408
"GB","other",2016,11,4640041757,"commodities-food",306149660
"GB","other",2016,11,4640041757,"gpgs-nngos",48759155
"GB","other",2016,11,4640041757,"non-transfer",214264264
"GB","other",2016,11,4640041757,"technical-ooperation",1108044177
"GB","other",2016,11,4640041757,"cash-grant",1792183850
"GB","other",2016,11,4640041757,"mixed-project-aid",1158439741
"GB","other",2016,11,4640041757,"cash-loan-equity",12200910
"GR","other",2016,11,903901,"technical-ooperation",266090
"GR","other",2016,11,903901,"non-transfer",637811
"HU","other",2016,11,14972593,"mixed-project-aid",1634713
"HU","other",2016,11,14972593,"commodities-food",5361
"HU","other",2016,11,14972593,"non-transfer",11821338
"HU","other",2016,11,14972593,"technical-ooperation",268818
"HU","other",2016,11,14972593,"cash-grant",1242363
"IE","other",2016,11,129543159,"mixed-project-aid",23500430
"IE","other",2016,11,129543159,"non-transfer",1638866
"IE","other",2016,11,129543159,"technical-ooperation",3214993
"IE","other",2016,11,129543159,"commodities-food",172063
"IE","other",2016,11,129543159,"cash-grant",100937166
"IE","other",2016,11,129543159,"gpgs-nngos",79641
"IS","other",2016,11,1128267,"cash-grant",88935
"IS","other",2016,11,1128267,"mixed-project-aid",549831
"IS","other",2016,11,1128267,"non-transfer",3668
"IS","other",2016,11,1128267,"technical-ooperation",485833
"IT","other",2016,11,341727109,"non-transfer",30930470
"IT","other",2016,11,341727109,"cash-loan-equity",28192439
"IT","other",2016,11,341727109,"commodities-food",7455180
"IT","other",2016,11,341727109,"technical-ooperation",35537546
"IT","other",2016,11,341727109,"gpgs-nngos",225622
"IT","other",2016,11,341727109,"mixed-project-aid",63184453
"IT","other",2016,11,341727109,"cash-grant",176201399
"JP","other",2016,11,4405826412,"technical-ooperation",871013138
"JP","other",2016,11,4405826412,"mixed-project-aid",593441507
"JP","other",2016,11,4405826412,"cash-loan-equity",1879666628
"JP","other",2016,11,4405826412,"cash-grant",801271173
"JP","other",2016,11,4405826412,"non-transfer",45319749
"JP","other",2016,11,4405826412,"commodities-food",215114217
"KR","other",2016,11,764813463,"technical-ooperation",223602882
"KR","other",2016,11,764813463,"cash-loan-equity",284190409
"KR","other",2016,11,764813463,"cash-grant",54033645
"KR","other",2016,11,764813463,"mixed-project-aid",170650374
"KR","other",2016,11,764813463,"non-transfer",15880194
"KR","other",2016,11,764813463,"commodities-food",15538806
"KR","other",2016,11,764813463,"gpgs-nngos",917153
"LU","other",2016,11,92012336,"technical-ooperation",28534421
"LU","other",2016,11,92012336,"cash-grant",35319260
"LU","other",2016,11,92012336,"mixed-project-aid",25096497
"LU","other",2016,11,92012336,"non-transfer",1723341
"LU","other",2016,11,92012336,"commodities-food",860314
"LU","other",2016,11,92012336,"gpgs-nngos",478503
"NL","other",2016,11,491503304,"cash-grant",225801714
"NL","other",2016,11,491503304,"mixed-project-aid",184877937
"NL","other",2016,11,491503304,"technical-ooperation",61445745
"NL","other",2016,11,491503304,"commodities-food",10555921
"NL","other",2016,11,491503304,"non-transfer",1341743
"NL","other",2016,11,491503304,"gpgs-nngos",7480244
"NO","other",2016,11,970872863,"cash-grant",385506623
"NO","other",2016,11,970872863,"non-transfer",10753719
"NO","other",2016,11,970872863,"gpgs-nngos",19994057
"NO","other",2016,11,970872863,"technical-ooperation",120428505
"NO","other",2016,11,970872863,"commodities-food",37035489
"NO","other",2016,11,970872863,"mixed-project-aid",397154470
"NZ","other",2016,11,115000685,"technical-ooperation",28206869
"NZ","other",2016,11,115000685,"commodities-food",136812
"NZ","other",2016,11,115000685,"cash-grant",23841937
"NZ","other",2016,11,115000685,"mixed-project-aid",30293072
"NZ","other",2016,11,115000685,"non-transfer",31285725
"NZ","other",2016,11,115000685,"gpgs-nngos",1236270
"PL","other",2016,11,12861653,"cash-grant",4473546
"PL","other",2016,11,12861653,"non-transfer",4246653
"PL","other",2016,11,12861653,"technical-ooperation",2912143
"PL","other",2016,11,12861653,"mixed-project-aid",1229311
"PT","other",2016,11,11828509,"non-transfer",3326735
"PT","other",2016,11,11828509,"cash-grant",439231
"PT","other",2016,11,11828509,"technical-ooperation",6577383
"PT","other",2016,11,11828509,"mixed-project-aid",1485160
"SE","other",2016,11,1063541759,"cash-grant",709440435
"SE","other",2016,11,1063541759,"commodities-food",19764081
"SE","other",2016,11,1063541759,"non-transfer",20140828
"SE","other",2016,11,1063541759,"mixed-project-aid",120915766
"SE","other",2016,11,1063541759,"gpgs-nngos",11820185
"SE","other",2016,11,1063541759,"technical-ooperation",181460464
"SI","other",2016,11,1547560,"commodities-food",121065
"SI","other",2016,11,1547560,"non-transfer",89573
"SI","other",2016,11,1547560,"mixed-project-aid",515213
"SI","other",2016,11,1547560,"cash-grant",398311
"SI","other",2016,11,1547560,"technical-ooperation",423398
"SK","other",2016,11,3158200,"cash-grant",331157
"SK","other",2016,11,3158200,"non-transfer",564888
"SK","other",2016,11,3158200,"technical-ooperation",1333200
"SK","other",2016,11,3158200,"mixed-project-aid",928955
"US","other",2016,11,12710421492,"mixed-project-aid",6869227446
"US","other",2016,11,12710421492,"cash-grant",2604787660
"US","other",2016,11,12710421492,"gpgs-nngos",408322592
"US","other",2016,11,12710421492,"non-transfer",9219937
"US","other",2016,11,12710421492,"commodities-food",1436002020
"US","other",2016,11,12710421492,"technical-ooperation",1382861837
