"","di_id","region_name","aid_type","year","value"
"1","AT","unspecified","bilateral",2016,673130000
"2","AT","north-of-sahara","bilateral",2016,6487621.91157347
"3","AT","south-of-sahara","bilateral",2016,59482378.0884265
"4","AT","north-central-america","bilateral",2016,22706050.4799147
"5","AT","south-america","bilateral",2016,6673949.52008532
"6","AT","far-east-asia","bilateral",2016,18522345.9265513
"7","AT","south-central-asia","bilateral",2016,30705709.1599831
"8","AT","europe","bilateral",2016,127670000
"9","AT","middle-east","bilateral",2016,46421944.9134656
"10","AT","oceania","bilateral",2016,750000
"11","BE","unspecified","bilateral",2016,703990000
"12","BE","north-of-sahara","bilateral",2016,27306251.4863258
"13","BE","south-of-sahara","bilateral",2016,450233748.513674
"14","BE","north-central-america","bilateral",2016,27240000
"15","BE","south-america","bilateral",2016,54770000
"16","BE","far-east-asia","bilateral",2016,29298631.8426287
"17","BE","south-central-asia","bilateral",2016,13243901.8639947
"18","BE","europe","bilateral",2016,73250000
"19","BE","middle-east","bilateral",2016,93227466.2933766
"20","BE","oceania","bilateral",2016,140000
"21","DK","unspecified","bilateral",2016,974510000
"22","DK","north-of-sahara","bilateral",2016,8622230.3760975
"23","DK","south-of-sahara","bilateral",2016,458017769.623902
"24","DK","north-central-america","bilateral",2016,6150000
"25","DK","south-america","bilateral",2016,25140000
"26","DK","far-east-asia","bilateral",2016,51251459.9341383
"27","DK","south-central-asia","bilateral",2016,102826783.754116
"28","DK","europe","bilateral",2016,27220000
"29","DK","middle-east","bilateral",2016,131741756.311745
"30","DK","oceania","bilateral",2016,20000
"31","FR","unspecified","bilateral",2016,1419910000
"32","FR","north-of-sahara","bilateral",2016,1022927625.77285
"33","FR","south-of-sahara","bilateral",2016,2199412374.22715
"34","FR","north-central-america","bilateral",2016,394253873.626913
"35","FR","south-america","bilateral",2016,623536126.373087
"36","FR","far-east-asia","bilateral",2016,586048559.581344
"37","FR","south-central-asia","bilateral",2016,371683335.740227
"38","FR","europe","bilateral",2016,265560000
"39","FR","middle-east","bilateral",2016,444398104.678429
"40","FR","oceania","bilateral",2016,98280000
"41","DE","unspecified","bilateral",2016,9036050000
"42","DE","north-of-sahara","bilateral",2016,1237064857.74223
"43","DE","south-of-sahara","bilateral",2016,2770195142.25777
"44","DE","north-central-america","bilateral",2016,643567009.950754
"45","DE","south-america","bilateral",2016,1197652990.04925
"46","DE","far-east-asia","bilateral",2016,1873298162.47036
"47","DE","south-central-asia","bilateral",2016,1749825589.53454
"48","DE","europe","bilateral",2016,996910000
"49","DE","middle-east","bilateral",2016,2198856247.9951
"50","DE","oceania","bilateral",2016,15760000
"51","IT","unspecified","bilateral",2016,1786750000
"52","IT","north-of-sahara","bilateral",2016,58019692.1118904
"53","IT","south-of-sahara","bilateral",2016,321270307.88811
"54","IT","north-central-america","bilateral",2016,14693780.9472551
"55","IT","south-america","bilateral",2016,23516219.0527449
"56","IT","far-east-asia","bilateral",2016,7562036.08941557
"57","IT","south-central-asia","bilateral",2016,67388144.3576623
"58","IT","europe","bilateral",2016,99390000
"59","IT","middle-east","bilateral",2016,110749819.552922
"60","IT","oceania","bilateral",2016,2200000
"61","NL","unspecified","bilateral",2016,2166920000
"62","NL","north-of-sahara","bilateral",2016,4937201.26619782
"63","NL","south-of-sahara","bilateral",2016,663032798.733802
"64","NL","north-central-america","bilateral",2016,3388311.14808652
"65","NL","south-america","bilateral",2016,11421688.8519135
"66","NL","far-east-asia","bilateral",2016,25892548.8334628
"67","NL","south-central-asia","bilateral",2016,114599828.255804
"68","NL","europe","bilateral",2016,131480000
"69","NL","middle-east","bilateral",2016,214837622.910733
"70","NL","oceania","bilateral",2016,120000
"71","NO","unspecified","bilateral",2016,1866800000
"72","NO","north-of-sahara","bilateral",2016,10486455.3589383
"73","NO","south-of-sahara","bilateral",2016,627423544.641062
"74","NO","north-central-america","bilateral",2016,30418970.0833742
"75","NO","south-america","bilateral",2016,178981029.916626
"76","NO","far-east-asia","bilateral",2016,93077779.8817258
"77","NO","south-central-asia","bilateral",2016,201452379.759373
"78","NO","europe","bilateral",2016,57390000
"79","NO","middle-east","bilateral",2016,406529840.358901
"80","NO","oceania","bilateral",2016,1390000
"81","PT","unspecified","bilateral",2016,15110000
"82","PT","north-of-sahara","bilateral",2016,8796116.30407809
"83","PT","south-of-sahara","bilateral",2016,112453883.695922
"84","PT","north-central-america","bilateral",2016,647308.781869688
"85","PT","south-america","bilateral",2016,3922691.21813031
"86","PT","far-east-asia","bilateral",2016,23564447.8527607
"87","PT","south-central-asia","bilateral",2016,1220748.46625767
"88","PT","europe","bilateral",2016,5e+05
"89","PT","middle-east","bilateral",2016,7834803.6809816
"90","SE","unspecified","bilateral",2016,1840680000
"91","SE","north-of-sahara","bilateral",2016,15820201.8018018
"92","SE","south-of-sahara","bilateral",2016,880119798.198198
"93","SE","north-central-america","bilateral",2016,49379877.5334196
"94","SE","south-america","bilateral",2016,67660122.4665804
"95","SE","far-east-asia","bilateral",2016,53000236.8170569
"96","SE","south-central-asia","bilateral",2016,231963034.075766
"97","SE","europe","bilateral",2016,162850000
"98","SE","middle-east","bilateral",2016,268976729.107177
"99","SE","oceania","bilateral",2016,960000
"100","CH","unspecified","bilateral",2016,1255220000
"101","CH","north-of-sahara","bilateral",2016,57199998.5552004
"102","CH","south-of-sahara","bilateral",2016,537360001.4448
"103","CH","north-central-america","bilateral",2016,99584646.8211582
"104","CH","south-america","bilateral",2016,124065353.178842
"105","CH","far-east-asia","bilateral",2016,169712222.94232
"106","CH","south-central-asia","bilateral",2016,301330721.654902
"107","CH","europe","bilateral",2016,179730000
"108","CH","middle-east","bilateral",2016,129567055.402778
"109","CH","oceania","bilateral",2016,230000
"110","GB","unspecified","bilateral",2016,4003330000
"111","GB","north-of-sahara","bilateral",2016,65258147.6624808
"112","GB","south-of-sahara","bilateral",2016,3829991852.33752
"113","GB","north-central-america","bilateral",2016,199914737.121614
"114","GB","south-america","bilateral",2016,127675262.878386
"115","GB","far-east-asia","bilateral",2016,130802794.049532
"116","GB","south-central-asia","bilateral",2016,1763222075.70013
"117","GB","europe","bilateral",2016,210990000
"118","GB","middle-east","bilateral",2016,1329715130.25034
"119","GB","oceania","bilateral",2016,7760000
"120","FI","unspecified","bilateral",2016,250250000
"121","FI","north-of-sahara","bilateral",2016,5428867.27481423
"122","FI","south-of-sahara","bilateral",2016,183361132.725186
"123","FI","north-central-america","bilateral",2016,5141010.88646967
"124","FI","south-america","bilateral",2016,8028989.11353033
"125","FI","far-east-asia","bilateral",2016,23383733.5692619
"126","FI","south-central-asia","bilateral",2016,89632469.6663296
"127","FI","europe","bilateral",2016,21430000
"128","FI","middle-east","bilateral",2016,50783796.7644085
"129","FI","oceania","bilateral",2016,1360000
"130","IS","unspecified","bilateral",2016,25970000
"131","IS","north-of-sahara","bilateral",2016,140000
"132","IS","south-of-sahara","bilateral",2016,14540000
"133","IS","north-central-america","bilateral",2016,170000
"134","IS","south-america","bilateral",2016,1e+05
"135","IS","south-central-asia","bilateral",2016,640000
"136","IS","europe","bilateral",2016,410000
"137","IS","middle-east","bilateral",2016,5700000
"138","IE","unspecified","bilateral",2016,105960000
"139","IE","north-of-sahara","bilateral",2016,150191.463901077
"140","IE","south-of-sahara","bilateral",2016,250869808.536099
"141","IE","north-central-america","bilateral",2016,8220000
"142","IE","south-america","bilateral",2016,3110000
"143","IE","far-east-asia","bilateral",2016,13690000
"144","IE","south-central-asia","bilateral",2016,8160000
"145","IE","europe","bilateral",2016,7200000
"146","IE","middle-east","bilateral",2016,29630000
"147","LU","unspecified","bilateral",2016,57050000
"148","LU","north-of-sahara","bilateral",2016,955624.572210815
"149","LU","south-of-sahara","bilateral",2016,121784375.427789
"150","LU","north-central-america","bilateral",2016,19170000
"151","LU","south-america","bilateral",2016,5470000
"152","LU","far-east-asia","bilateral",2016,26423601.7167382
"153","LU","south-central-asia","bilateral",2016,13206798.2832618
"154","LU","europe","bilateral",2016,13110000
"155","LU","middle-east","bilateral",2016,18649600
"156","GR","unspecified","bilateral",2016,148250000
"157","GR","north-of-sahara","bilateral",2016,610000
"158","GR","south-of-sahara","bilateral",2016,2e+05
"159","GR","north-central-america","bilateral",2016,40000
"160","GR","south-america","bilateral",2016,110000
"161","GR","far-east-asia","bilateral",2016,12083.3333333333
"162","GR","south-central-asia","bilateral",2016,120833.333333333
"163","GR","europe","bilateral",2016,9360000
"164","GR","middle-east","bilateral",2016,447083.333333333
"165","MT","unspecified","bilateral",2016,7740000
"166","MT","north-of-sahara","bilateral",2016,693103.448275862
"167","MT","south-of-sahara","bilateral",2016,1106896.55172414
"168","MT","north-central-america","bilateral",2016,40000
"169","MT","south-america","bilateral",2016,30000
"170","MT","far-east-asia","bilateral",2016,40000
"171","MT","south-central-asia","bilateral",2016,80000
"172","MT","europe","bilateral",2016,360000
"173","MT","middle-east","bilateral",2016,540000
"174","ES","unspecified","bilateral",2016,208530000
"175","ES","north-of-sahara","bilateral",2016,38735106.2629302
"176","ES","south-of-sahara","bilateral",2016,230064893.73707
"177","ES","north-central-america","bilateral",2016,2239129653.10953
"178","ES","south-america","bilateral",2016,97340346.890467
"179","ES","far-east-asia","bilateral",2016,9193542.10830603
"180","ES","south-central-asia","bilateral",2016,9633711.69782232
"181","ES","europe","bilateral",2016,73910000
"182","ES","middle-east","bilateral",2016,84992746.1938716
"183","ES","oceania","bilateral",2016,20000
"184","TR","unspecified","bilateral",2016,198100000
"185","TR","north-of-sahara","bilateral",2016,19532147.7048821
"186","TR","south-of-sahara","bilateral",2016,124287852.295118
"187","TR","north-central-america","bilateral",2016,2135772.87066246
"188","TR","south-america","bilateral",2016,4374227.12933754
"189","TR","far-east-asia","bilateral",2016,13390304.9096868
"190","TR","south-central-asia","bilateral",2016,191484360.276836
"191","TR","europe","bilateral",2016,190410000
"192","TR","middle-east","bilateral",2016,5943315334.81348
"193","TR","oceania","bilateral",2016,5e+05
"194","SI","unspecified","bilateral",2016,11780000
"195","SI","north-of-sahara","bilateral",2016,91666.6666666667
"196","SI","south-of-sahara","bilateral",2016,458333.333333333
"197","SI","north-central-america","bilateral",2016,60000
"198","SI","south-america","bilateral",2016,70000
"199","SI","south-central-asia","bilateral",2016,1e+05
"200","SI","europe","bilateral",2016,14650000
"201","SI","middle-east","bilateral",2016,670000
"202","HR","unspecified","bilateral",2016,3470000
"203","CZ","unspecified","bilateral",2016,22540000
"204","CZ","north-of-sahara","bilateral",2016,265880.452342488
"205","CZ","south-of-sahara","bilateral",2016,6064119.54765751
"206","CZ","north-central-america","bilateral",2016,260000
"207","CZ","south-america","bilateral",2016,530000
"208","CZ","far-east-asia","bilateral",2016,4e+06
"209","CZ","south-central-asia","bilateral",2016,7540000
"210","CZ","europe","bilateral",2016,18960000
"211","CZ","middle-east","bilateral",2016,11230000
"212","SK","unspecified","bilateral",2016,15210000
"213","SK","north-of-sahara","bilateral",2016,10000
"214","SK","south-of-sahara","bilateral",2016,2440000
"215","SK","north-central-america","bilateral",2016,440000
"216","SK","south-america","bilateral",2016,110000
"217","SK","far-east-asia","bilateral",2016,2e+05
"218","SK","south-central-asia","bilateral",2016,820000
"219","SK","europe","bilateral",2016,5710000
"220","SK","middle-east","bilateral",2016,760000
"221","LI","unspecified","bilateral",2016,18860000
"222","BG","unspecified","bilateral",2016,8470000
"223","BG","north-of-sahara","bilateral",2016,60000
"224","BG","south-america","bilateral",2016,30000
"225","BG","far-east-asia","bilateral",2016,30000
"226","BG","south-central-asia","bilateral",2016,350000
"227","BG","europe","bilateral",2016,2800000
"228","BG","middle-east","bilateral",2016,470000
"229","HU","unspecified","bilateral",2016,11160000
"230","HU","north-of-sahara","bilateral",2016,2848893.2038835
"231","HU","south-of-sahara","bilateral",2016,3421106.7961165
"232","HU","north-central-america","bilateral",2016,120000
"233","HU","south-america","bilateral",2016,780000
"234","HU","far-east-asia","bilateral",2016,8870000
"235","HU","south-central-asia","bilateral",2016,5850000
"236","HU","europe","bilateral",2016,16910000
"237","HU","middle-east","bilateral",2016,4820000
"238","PL","unspecified","bilateral",2016,9290000
"239","PL","north-of-sahara","bilateral",2016,192921.989333995
"240","PL","south-of-sahara","bilateral",2016,81677078.010666
"241","PL","north-central-america","bilateral",2016,50000
"242","PL","south-america","bilateral",2016,260000
"243","PL","far-east-asia","bilateral",2016,1800000
"244","PL","south-central-asia","bilateral",2016,4180000
"245","PL","europe","bilateral",2016,64640000
"246","PL","middle-east","bilateral",2016,12410000
"247","PL","oceania","bilateral",2016,20000
"248","RO","unspecified","bilateral",2016,1550000
"249","RO","north-of-sahara","bilateral",2016,587191.011235955
"250","RO","south-of-sahara","bilateral",2016,1422808.98876404
"251","RO","north-central-america","bilateral",2016,1e+05
"252","RO","south-america","bilateral",2016,50000
"253","RO","far-east-asia","bilateral",2016,230000
"254","RO","south-central-asia","bilateral",2016,1230000
"255","RO","europe","bilateral",2016,102250000
"256","RO","middle-east","bilateral",2016,2040000
"257","RO","oceania","bilateral",2016,0
"258","EE","unspecified","bilateral",2016,6360000
"259","EE","north-of-sahara","bilateral",2016,75000
"260","EE","south-of-sahara","bilateral",2016,525000
"261","EE","north-central-america","bilateral",2016,150000
"262","EE","south-america","bilateral",2016,50000
"263","EE","south-central-asia","bilateral",2016,2490000
"264","EE","europe","bilateral",2016,7340000
"265","EE","middle-east","bilateral",2016,1580000
"266","EE","oceania","bilateral",2016,20000
"267","LV","unspecified","bilateral",2016,1230000
"268","LV","north-central-america","bilateral",2016,10000
"269","LV","south-america","bilateral",2016,10000
"270","LV","far-east-asia","bilateral",2016,30000
"271","LV","south-central-asia","bilateral",2016,370000
"272","LV","europe","bilateral",2016,1750000
"273","LT","unspecified","bilateral",2016,4690000
"274","LT","south-of-sahara","bilateral",2016,20000
"275","LT","north-central-america","bilateral",2016,20000
"276","LT","south-america","bilateral",2016,30000
"277","LT","far-east-asia","bilateral",2016,150000
"278","LT","south-central-asia","bilateral",2016,430000
"279","LT","europe","bilateral",2016,8360000
"280","LT","middle-east","bilateral",2016,160000
"281","LT","oceania","bilateral",2016,10000
"282","RU","unspecified","bilateral",2016,14030000
"283","RU","south-of-sahara","bilateral",2016,37490000
"284","RU","north-central-america","bilateral",2016,364040000
"285","RU","south-america","bilateral",2016,480000
"286","RU","far-east-asia","bilateral",2016,59200000
"287","RU","south-central-asia","bilateral",2016,253890000
"288","RU","europe","bilateral",2016,21830000
"289","RU","middle-east","bilateral",2016,12850000
"290","RU","oceania","bilateral",2016,3310000
"291","nordic-dev-fund","unspecified","bilateral",2016,920000
"292","nordic-dev-fund","south-of-sahara","bilateral",2016,15060000
"293","nordic-dev-fund","north-central-america","bilateral",2016,11650000
"294","nordic-dev-fund","far-east-asia","bilateral",2016,2740000
"295","nordic-dev-fund","south-central-asia","bilateral",2016,8870000
"296","CA","unspecified","bilateral",2016,485760000
"297","CA","north-of-sahara","bilateral",2016,25886061.3748041
"298","CA","south-of-sahara","bilateral",2016,955743938.625196
"299","CA","north-central-america","bilateral",2016,230102588.861433
"300","CA","south-america","bilateral",2016,151347411.138567
"301","CA","far-east-asia","bilateral",2016,105050266.059042
"302","CA","south-central-asia","bilateral",2016,298109367.690916
"303","CA","europe","bilateral",2016,85290000
"304","CA","middle-east","bilateral",2016,363910366.250042
"305","CA","oceania","bilateral",2016,2730000
"306","US","unspecified","bilateral",2016,9295100000
"307","US","north-of-sahara","bilateral",2016,250400000
"308","US","south-of-sahara","bilateral",2016,9942990000
"309","US","north-central-america","bilateral",2016,1402183514.41181
"310","US","south-america","bilateral",2016,536616485.588187
"311","US","far-east-asia","bilateral",2016,1039965046.51656
"312","US","south-central-asia","bilateral",2016,3112330259.578
"313","US","europe","bilateral",2016,540470000
"314","US","middle-east","bilateral",2016,3052564693.90544
"315","US","oceania","bilateral",2016,66140000
"316","IL","unspecified","bilateral",2016,106950000
"317","IL","north-of-sahara","bilateral",2016,130000
"318","IL","south-of-sahara","bilateral",2016,5090000
"319","IL","north-central-america","bilateral",2016,1980000
"320","IL","south-america","bilateral",2016,6550000
"321","IL","far-east-asia","bilateral",2016,2570000
"322","IL","south-central-asia","bilateral",2016,7140000
"323","IL","europe","bilateral",2016,12360000
"324","IL","middle-east","bilateral",2016,112510000
"325","IL","oceania","bilateral",2016,420000
"326","KW","unspecified","bilateral",2016,2550000
"327","KW","north-of-sahara","bilateral",2016,382950000
"328","KW","south-of-sahara","bilateral",2016,205330000
"329","KW","north-central-america","bilateral",2016,25390000
"330","KW","south-america","bilateral",2016,5240000
"331","KW","far-east-asia","bilateral",2016,53400000
"332","KW","south-central-asia","bilateral",2016,115950000
"333","KW","europe","bilateral",2016,12160000
"334","KW","middle-east","bilateral",2016,550530000
"335","KW","oceania","bilateral",2016,620000
"336","AE","unspecified","bilateral",2016,146350000
"337","AE","north-of-sahara","bilateral",2016,2314593430.83995
"338","AE","south-of-sahara","bilateral",2016,198266569.16005
"339","AE","north-central-america","bilateral",2016,920000
"340","AE","south-america","bilateral",2016,230000
"341","AE","far-east-asia","bilateral",2016,4350000
"342","AE","south-central-asia","bilateral",2016,135610000
"343","AE","europe","bilateral",2016,221500000
"344","AE","middle-east","bilateral",2016,1394980000
"345","AE","oceania","bilateral",2016,3590000
"346","AZ","unspecified","bilateral",2016,3720000
"347","AZ","south-of-sahara","bilateral",2016,170000
"348","AZ","south-central-asia","bilateral",2016,250000
"349","KZ","unspecified","bilateral",2016,11710000
"350","KZ","south-central-asia","bilateral",2016,1700000
"351","JP","unspecified","bilateral",2016,1966440000
"352","JP","north-of-sahara","bilateral",2016,502020867.69749
"353","JP","south-of-sahara","bilateral",2016,1416819132.30251
"354","JP","north-central-america","bilateral",2016,201196222.314677
"355","JP","south-america","bilateral",2016,223643777.685323
"356","JP","far-east-asia","bilateral",2016,3241172330.21767
"357","JP","south-central-asia","bilateral",2016,4086148513.41747
"358","JP","europe","bilateral",2016,515890000
"359","JP","middle-east","bilateral",2016,1105349156.36486
"360","JP","oceania","bilateral",2016,180750000
"361","TW","unspecified","bilateral",2016,294670000
"362","TW","north-central-america","bilateral",2016,2770000
"363","TW","oceania","bilateral",2016,8570000
"364","KR","unspecified","bilateral",2016,236210000
"365","KR","north-of-sahara","bilateral",2016,17920272.6898788
"366","KR","south-of-sahara","bilateral",2016,403129727.310121
"367","KR","north-central-america","bilateral",2016,65494178.7941788
"368","KR","south-america","bilateral",2016,77475821.2058212
"369","KR","far-east-asia","bilateral",2016,477298412.180393
"370","KR","south-central-asia","bilateral",2016,258684889.117307
"371","KR","europe","bilateral",2016,6020000
"372","KR","middle-east","bilateral",2016,71356698.7022999
"373","KR","oceania","bilateral",2016,8850000
"374","TH","unspecified","bilateral",2016,910000
"375","TH","north-of-sahara","bilateral",2016,1e+05
"376","TH","south-of-sahara","bilateral",2016,1710000
"377","TH","north-central-america","bilateral",2016,350000
"378","TH","south-america","bilateral",2016,280000
"379","TH","far-east-asia","bilateral",2016,38681129.081477
"380","TH","south-central-asia","bilateral",2016,26968394.8733598
"381","TH","europe","bilateral",2016,10000
"382","TH","middle-east","bilateral",2016,130476.045163259
"383","TH","oceania","bilateral",2016,6e+05
"384","AU","unspecified","bilateral",2016,629620000
"385","AU","north-of-sahara","bilateral",2016,601720.990873533
"386","AU","south-of-sahara","bilateral",2016,76318279.0091265
"387","AU","north-central-america","bilateral",2016,5320000
"388","AU","south-america","bilateral",2016,2420000
"389","AU","far-east-asia","bilateral",2016,547093096.439151
"390","AU","south-central-asia","bilateral",2016,225814154.778578
"391","AU","europe","bilateral",2016,880000
"392","AU","middle-east","bilateral",2016,70542748.7822714
"393","AU","oceania","bilateral",2016,735040000
"394","unep","south-of-sahara","bilateral",2016,73400000
"395","unep","north-central-america","bilateral",2016,1200000
"396","unep","south-america","bilateral",2016,90000
"397","gef","unspecified","bilateral",2016,125620000
"398","gef","north-of-sahara","bilateral",2016,23360727.3073445
"399","gef","south-of-sahara","bilateral",2016,233999272.692656
"400","gef","north-central-america","bilateral",2016,65873711.927982
"401","gef","south-america","bilateral",2016,96556288.072018
"402","gef","far-east-asia","bilateral",2016,129176045.033594
"403","gef","south-central-asia","bilateral",2016,103258770.201562
"404","gef","europe","bilateral",2016,35700000
"405","gef","middle-east","bilateral",2016,11855184.7648447
"406","gef","oceania","bilateral",2016,25380000
"407","NZ","unspecified","bilateral",2016,46100000
"408","NZ","north-of-sahara","bilateral",2016,88063.6604774536
"409","NZ","south-of-sahara","bilateral",2016,8211936.33952255
"410","NZ","north-central-america","bilateral",2016,2210000
"411","NZ","south-america","bilateral",2016,3610000
"412","NZ","far-east-asia","bilateral",2016,50427073.0586614
"413","NZ","south-central-asia","bilateral",2016,14678302.9560423
"414","NZ","europe","bilateral",2016,10000
"415","NZ","middle-east","bilateral",2016,5154623.98529637
"416","NZ","oceania","bilateral",2016,230290000
"417","ida","south-of-sahara","bilateral",2016,6459150000
"418","ida","north-central-america","bilateral",2016,153090000
"419","ida","south-america","bilateral",2016,72840000
"420","ida","far-east-asia","bilateral",2016,841220000
"421","ida","south-central-asia","bilateral",2016,4428850000
"422","ida","europe","bilateral",2016,110260000
"423","ida","middle-east","bilateral",2016,93370000
"424","ida","oceania","bilateral",2016,95280000
"425","cardb","north-central-america","bilateral",2016,2.7e+07
"426","cardb","south-america","bilateral",2016,6780000
"427","idb-special-fund","north-central-america","bilateral",2016,517310000
"428","idb-special-fund","south-america","bilateral",2016,459780000
"429","afdb","north-of-sahara","bilateral",2016,5135826.621853
"430","afdb","south-of-sahara","bilateral",2016,155234173.378147
"431","afdf","south-of-sahara","bilateral",2016,2131810000
"432","asdb-special-funds","far-east-asia","bilateral",2016,712373397.641765
"433","asdb-special-funds","south-central-asia","bilateral",2016,1924126602.35824
"434","asdb-special-funds","oceania","bilateral",2016,107230000
"435","EU","unspecified","bilateral",2016,1323830000
"436","EU","north-of-sahara","bilateral",2016,1820817012.89134
"437","EU","south-of-sahara","bilateral",2016,5000992987.10866
"438","EU","north-central-america","bilateral",2016,642301539.614259
"439","EU","south-america","bilateral",2016,528958460.385741
"440","EU","far-east-asia","bilateral",2016,453943699.039926
"441","EU","south-central-asia","bilateral",2016,1752527819.88077
"442","EU","europe","bilateral",2016,5486960000
"443","EU","middle-east","bilateral",2016,1545878481.0793
"444","EU","oceania","bilateral",2016,71350000
"445","arab-fund-afesd","unspecified","bilateral",2016,10050000
"446","arab-fund-afesd","north-of-sahara","bilateral",2016,322680000
"447","arab-fund-afesd","south-of-sahara","bilateral",2016,150640000
"448","arab-fund-afesd","middle-east","bilateral",2016,75680000
"449","unpbf","south-of-sahara","bilateral",2016,35850000
"450","unpbf","north-central-america","bilateral",2016,340000
"451","unpbf","south-america","bilateral",2016,80000
"452","unpbf","far-east-asia","bilateral",2016,1100000
"453","unpbf","south-central-asia","bilateral",2016,12080000
"454","unpbf","middle-east","bilateral",2016,1190000
"455","unpbf","oceania","bilateral",2016,3410000
"456","who","unspecified","bilateral",2016,209400000
"457","who","north-of-sahara","bilateral",2016,8132722.42940863
"458","who","south-of-sahara","bilateral",2016,106427277.570591
"459","who","far-east-asia","bilateral",2016,42390000
"460","who","south-central-asia","bilateral",2016,62570000
"461","who","europe","bilateral",2016,26220000
"462","who","middle-east","bilateral",2016,34180000
"463","who","oceania","bilateral",2016,9440000
"464","international-labour-organisation","unspecified","bilateral",2016,114580000
"465","international-labour-organisation","north-of-sahara","bilateral",2016,3991165.54594941
"466","international-labour-organisation","south-of-sahara","bilateral",2016,37418834.4540506
"467","international-labour-organisation","north-central-america","bilateral",2016,15283611.3657195
"468","international-labour-organisation","south-america","bilateral",2016,15796388.6342805
"469","international-labour-organisation","far-east-asia","bilateral",2016,11062797.8660344
"470","international-labour-organisation","south-central-asia","bilateral",2016,16726307.0539419
"471","international-labour-organisation","europe","bilateral",2016,5410000
"472","international-labour-organisation","middle-east","bilateral",2016,10970895.0800237
"473","international-labour-organisation","oceania","bilateral",2016,8380000
"474","iaea","unspecified","bilateral",2016,5430000
"475","iaea","north-of-sahara","bilateral",2016,3300476.556495
"476","iaea","south-of-sahara","bilateral",2016,19539523.443505
"477","iaea","north-central-america","bilateral",2016,3900000
"478","iaea","south-america","bilateral",2016,11780000
"479","iaea","far-east-asia","bilateral",2016,6469079.53529937
"480","iaea","south-central-asia","bilateral",2016,9217158.1769437
"481","iaea","europe","bilateral",2016,7990000
"482","iaea","middle-east","bilateral",2016,3413762.28775693
"483","iaea","oceania","bilateral",2016,510000
"484","unece","south-central-asia","bilateral",2016,110000
"485","unece","europe","bilateral",2016,13860000
"486","ofid","unspecified","bilateral",2016,2880000
"487","ofid","north-of-sahara","bilateral",2016,31630000
"488","ofid","south-of-sahara","bilateral",2016,149520000
"489","ofid","north-central-america","bilateral",2016,78830000
"490","ofid","south-america","bilateral",2016,13970000
"491","ofid","far-east-asia","bilateral",2016,44978266.1026038
"492","ofid","south-central-asia","bilateral",2016,115125925.043198
"493","ofid","europe","bilateral",2016,21980000
"494","ofid","middle-east","bilateral",2016,8055808.8541977
"495","ofid","oceania","bilateral",2016,5450000
"496","imf-concessional-trust-funds","south-of-sahara","bilateral",2016,847220000
"497","imf-concessional-trust-funds","north-central-america","bilateral",2016,48250000
"498","imf-concessional-trust-funds","south-central-asia","bilateral",2016,32700000
"499","imf-concessional-trust-funds","europe","bilateral",2016,12090000
"500","imf-concessional-trust-funds","oceania","bilateral",2016,410000
"501","undp","unspecified","bilateral",2016,42080000
"502","undp","north-of-sahara","bilateral",2016,2363483.88592627
"503","undp","south-of-sahara","bilateral",2016,220206516.114074
"504","undp","north-central-america","bilateral",2016,9398559.5567867
"505","undp","south-america","bilateral",2016,6681440.4432133
"506","undp","far-east-asia","bilateral",2016,21609663.1823461
"507","undp","south-central-asia","bilateral",2016,58828636.4692218
"508","undp","europe","bilateral",2016,7270000
"509","undp","middle-east","bilateral",2016,9881700.34843206
"510","undp","oceania","bilateral",2016,5230000
"511","unicef","unspecified","bilateral",2016,569100000
"512","unicef","north-of-sahara","bilateral",2016,7280000
"513","unicef","south-of-sahara","bilateral",2016,544380000
"514","unicef","north-central-america","bilateral",2016,19449073.8569754
"515","unicef","south-america","bilateral",2016,18710926.1430246
"516","unicef","far-east-asia","bilateral",2016,38550000
"517","unicef","south-central-asia","bilateral",2016,201630000
"518","unicef","europe","bilateral",2016,9080000
"519","unicef","middle-east","bilateral",2016,28450000
"520","unicef","oceania","bilateral",2016,8170000
"521","unrwa","middle-east","bilateral",2016,716530000
"522","wfp","unspecified","bilateral",2016,27170000
"523","wfp","north-of-sahara","bilateral",2016,8260000
"524","wfp","south-of-sahara","bilateral",2016,160210000
"525","wfp","north-central-america","bilateral",2016,16870000
"526","wfp","south-america","bilateral",2016,1580000
"527","wfp","far-east-asia","bilateral",2016,8970000
"528","wfp","south-central-asia","bilateral",2016,19350000
"529","wfp","europe","bilateral",2016,10210000
"530","wfp","middle-east","bilateral",2016,55070000
"531","unhcr","unspecified","bilateral",2016,219210000
"532","unhcr","north-of-sahara","bilateral",2016,14370000
"533","unhcr","south-of-sahara","bilateral",2016,92240000
"534","unhcr","north-central-america","bilateral",2016,10280000
"535","unhcr","south-america","bilateral",2016,26040000
"536","unhcr","far-east-asia","bilateral",2016,13900000
"537","unhcr","south-central-asia","bilateral",2016,67130000
"538","unhcr","europe","bilateral",2016,27480000
"539","unhcr","middle-east","bilateral",2016,32470000
"540","unaids","unspecified","bilateral",2016,116190000
"541","unaids","north-of-sahara","bilateral",2016,886981.078791302
"542","unaids","south-of-sahara","bilateral",2016,38373018.9212087
"543","unaids","north-central-america","bilateral",2016,3760000
"544","unaids","south-america","bilateral",2016,6150000
"545","unaids","far-east-asia","bilateral",2016,5802734.73108478
"546","unaids","south-central-asia","bilateral",2016,6255241.56791249
"547","unaids","europe","bilateral",2016,3860000
"548","unaids","middle-east","bilateral",2016,2542023.70100273
"549","unaids","oceania","bilateral",2016,1650000
"550","unfpa","unspecified","bilateral",2016,27060000
"551","unfpa","north-of-sahara","bilateral",2016,3700000
"552","unfpa","south-of-sahara","bilateral",2016,119570000
"553","unfpa","north-central-america","bilateral",2016,14830000
"554","unfpa","south-america","bilateral",2016,6920000
"555","unfpa","far-east-asia","bilateral",2016,23121659.4375262
"556","unfpa","south-central-asia","bilateral",2016,42904776.8294389
"557","unfpa","europe","bilateral",2016,3890000
"558","unfpa","middle-east","bilateral",2016,14583563.7330348
"559","unfpa","oceania","bilateral",2016,1410000
"560","islamic-dev-bank","north-of-sahara","bilateral",2016,8020000
"561","islamic-dev-bank","south-of-sahara","bilateral",2016,164450000
"562","islamic-dev-bank","south-america","bilateral",2016,860000
"563","islamic-dev-bank","far-east-asia","bilateral",2016,9060000
"564","islamic-dev-bank","south-central-asia","bilateral",2016,63750000
"565","islamic-dev-bank","europe","bilateral",2016,3760000
"566","islamic-dev-bank","middle-east","bilateral",2016,97190000
"567","islamic-dev-bank","oceania","bilateral",2016,470000
"568","osce","unspecified","bilateral",2016,37050000
"569","osce","south-central-asia","bilateral",2016,22610000
"570","osce","europe","bilateral",2016,52780000
"571","ifad","north-of-sahara","bilateral",2016,20990000
"572","ifad","south-of-sahara","bilateral",2016,311330000
"573","ifad","north-central-america","bilateral",2016,15650000
"574","ifad","south-america","bilateral",2016,5650000
"575","ifad","far-east-asia","bilateral",2016,59060000
"576","ifad","south-central-asia","bilateral",2016,175550000
"577","ifad","europe","bilateral",2016,4460000
"578","ifad","middle-east","bilateral",2016,6e+05
"579","ifad","oceania","bilateral",2016,5680000
"580","cif","north-of-sahara","bilateral",2016,17480000
"581","cif","south-of-sahara","bilateral",2016,22530000
"582","cif","north-central-america","bilateral",2016,10190000
"583","cif","south-america","bilateral",2016,1120000
"584","adaptation-fund","north-of-sahara","bilateral",2016,2030000
"585","adaptation-fund","south-of-sahara","bilateral",2016,11940000
"586","adaptation-fund","north-central-america","bilateral",2016,3850000
"587","adaptation-fund","south-america","bilateral",2016,9370000
"588","adaptation-fund","far-east-asia","bilateral",2016,2790000
"589","adaptation-fund","south-central-asia","bilateral",2016,4250000
"590","adaptation-fund","oceania","bilateral",2016,5270000
"591","ceb","europe","bilateral",2016,100020000
"592","dutch-postcode-lottery","unspecified","bilateral",2016,189490000
"593","dutch-postcode-lottery","south-of-sahara","bilateral",2016,12400000
"594","dutch-postcode-lottery","south-america","bilateral",2016,16390000
"595","dutch-postcode-lottery","south-central-asia","bilateral",2016,2410000
"596","dutch-postcode-lottery","europe","bilateral",2016,550000
"597","swedish-postcode-lottery","unspecified","bilateral",2016,72050000
"598","swedish-postcode-lottery","south-of-sahara","bilateral",2016,3620000
"599","swedish-postcode-lottery","far-east-asia","bilateral",2016,820000
"600","swedish-postcode-lottery","south-central-asia","bilateral",2016,2920000
"601","peoples-postcode-lottery","unspecified","bilateral",2016,18100000
"602","peoples-postcode-lottery","south-of-sahara","bilateral",2016,3340000
"603","world-tourism-organisation","unspecified","bilateral",2016,9740000
"604","world-tourism-organisation","south-of-sahara","bilateral",2016,840000
"605","world-tourism-organisation","north-central-america","bilateral",2016,550000
"606","world-tourism-organisation","far-east-asia","bilateral",2016,110370.37037037
"607","world-tourism-organisation","south-central-asia","bilateral",2016,82777.7777777778
"608","world-tourism-organisation","europe","bilateral",2016,390000
"609","world-tourism-organisation","middle-east","bilateral",2016,1296851.85185185
"610","gavi","unspecified","bilateral",2016,87560000
"611","gavi","south-of-sahara","bilateral",2016,754590000
"612","gavi","north-central-america","bilateral",2016,8500000
"613","gavi","south-america","bilateral",2016,1820000
"614","gavi","far-east-asia","bilateral",2016,35190000
"615","gavi","south-central-asia","bilateral",2016,426700000
"616","gavi","europe","bilateral",2016,30000
"617","gavi","middle-east","bilateral",2016,22460000
"618","gavi","oceania","bilateral",2016,1990000
"619","global-fund","north-of-sahara","bilateral",2016,9886838.89814456
"620","global-fund","south-of-sahara","bilateral",2016,2647853161.10186
"621","global-fund","north-central-america","bilateral",2016,83317494.2304278
"622","global-fund","south-america","bilateral",2016,31812505.7695722
"623","global-fund","far-east-asia","bilateral",2016,250070000
"624","global-fund","south-central-asia","bilateral",2016,447160000
"625","global-fund","europe","bilateral",2016,80140000
"626","global-fund","middle-east","bilateral",2016,18690000
"627","global-fund","oceania","bilateral",2016,29430000
"628","gggi","unspecified","bilateral",2016,8120000
"629","gggi","north-of-sahara","bilateral",2016,210000
"630","gggi","south-of-sahara","bilateral",2016,4060000
"631","gggi","north-central-america","bilateral",2016,570000
"632","gggi","south-america","bilateral",2016,1220000
"633","gggi","far-east-asia","bilateral",2016,7840000
"634","gggi","south-central-asia","bilateral",2016,6e+05
"635","gggi","middle-east","bilateral",2016,640000
"636","gggi","oceania","bilateral",2016,690000
"637","bmgf","unspecified","bilateral",2016,1650490000
"638","bmgf","north-of-sahara","bilateral",2016,633657.633714584
"639","bmgf","south-of-sahara","bilateral",2016,970406342.366285
"640","bmgf","north-central-america","bilateral",2016,21463570.8003518
"641","bmgf","south-america","bilateral",2016,24066429.1996482
"642","bmgf","far-east-asia","bilateral",2016,48441697.9778505
"643","bmgf","south-central-asia","bilateral",2016,394734376.765458
"644","bmgf","europe","bilateral",2016,8910000
"645","bmgf","middle-east","bilateral",2016,20313925.2566919
"646","bmgf","oceania","bilateral",2016,1410000
"647","dac-countries-total","unspecified","bilateral",2016,39267620000
"648","dac-countries-total","north-of-sahara","bilateral",2016,3270337901.69816
"649","dac-countries-total","south-of-sahara","bilateral",2016,26706012098.3018
"650","dac-countries-total","north-central-america","bilateral",2016,5740117568.11444
"651","dac-countries-total","south-america","bilateral",2016,3487172431.88556
"652","dac-countries-total","far-east-asia","bilateral",2016,8623453641.63672
"653","dac-countries-total","south-central-asia","bilateral",2016,13098823659.979
"654","dac-countries-total","europe","bilateral",2016,3727810000
"655","dac-countries-total","middle-east","bilateral",2016,10245272698.3842
"656","dac-countries-total","oceania","bilateral",2016,1352800000
"657","multilateral-total","unspecified","bilateral",2016,2936010000
"658","multilateral-total","north-of-sahara","bilateral",2016,2252453959.51129
"659","multilateral-total","south-of-sahara","bilateral",2016,20570896040.4887
"660","multilateral-total","north-central-america","bilateral",2016,1789114502.60699
"661","multilateral-total","south-america","bilateral",2016,1333435497.39301
"662","multilateral-total","far-east-asia","bilateral",2016,2706012403.48751
"663","multilateral-total","south-central-asia","bilateral",2016,10018953927.8675
"664","multilateral-total","europe","bilateral",2016,6023810000
"665","multilateral-total","middle-east","bilateral",2016,2789053668.64496
"666","multilateral-total","oceania","bilateral",2016,386850000
"667","g7-countries-total","unspecified","bilateral",2016,27993340000
"668","g7-countries-total","north-of-sahara","bilateral",2016,3069063372.42341
"669","g7-countries-total","south-of-sahara","bilateral",2016,21528936627.5766
"670","g7-countries-total","north-central-america","bilateral",2016,3100136297.60873
"671","g7-countries-total","south-america","bilateral",2016,2869763702.39127
"672","g7-countries-total","far-east-asia","bilateral",2016,7006971315.74563
"673","g7-countries-total","south-central-asia","bilateral",2016,11462670589.9215
"674","g7-countries-total","europe","bilateral",2016,2714500000
"675","g7-countries-total","middle-east","bilateral",2016,8568518094.33289
"676","g7-countries-total","oceania","bilateral",2016,373610000
"677","dac-eu-members-and-ec-total","unspecified","bilateral",2016,24784220000
"678","dac-eu-members-and-ec-total","north-of-sahara","bilateral",2016,4313180844.00931
"679","dac-eu-members-and-ec-total","south-of-sahara","bilateral",2016,17637659155.9907
"680","dac-eu-members-and-ec-total","north-central-america","bilateral",2016,4347447190.04656
"681","dac-eu-members-and-ec-total","south-america","bilateral",2016,2716182809.95344
"682","dac-eu-members-and-ec-total","far-east-asia","bilateral",2016,3341674544.18889
"683","dac-eu-members-and-ec-total","south-central-asia","bilateral",2016,6336356572.64454
"684","dac-eu-members-and-ec-total","europe","bilateral",2016,7828660000
"685","dac-eu-members-and-ec-total","middle-east","bilateral",2016,6608188883.16657
"686","dac-eu-members-and-ec-total","oceania","bilateral",2016,198730000
"687","all-donors-total","unspecified","bilateral",2016,43034970000
"688","all-donors-total","north-of-sahara","bilateral",2016,8372402622.72606
"689","all-donors-total","south-of-sahara","bilateral",2016,47721417377.2739
"690","all-donors-total","north-central-america","bilateral",2016,7933566748.30717
"691","all-donors-total","south-america","bilateral",2016,4831533251.69283
"692","all-donors-total","far-east-asia","bilateral",2016,11458229033.7852
"693","all-donors-total","south-central-asia","bilateral",2016,23825004556.7926
"694","all-donors-total","europe","bilateral",2016,10332750000
"695","all-donors-total","middle-east","bilateral",2016,21127476409.4222
"696","all-donors-total","oceania","bilateral",2016,1757300000
"697","non-dac-countries-total","unspecified","bilateral",2016,831340000
"698","non-dac-countries-total","north-of-sahara","bilateral",2016,2726567926.30659
"699","non-dac-countries-total","south-of-sahara","bilateral",2016,567552073.693413
"700","non-dac-countries-total","north-central-america","bilateral",2016,400053214.832083
"701","non-dac-countries-total","south-america","bilateral",2016,15216785.1679172
"702","non-dac-countries-total","far-east-asia","bilateral",2016,171969081.55916
"703","non-dac-countries-total","south-central-asia","bilateral",2016,736834605.533607
"704","non-dac-countries-total","europe","bilateral",2016,581130000
"705","non-dac-countries-total","middle-east","bilateral",2016,8020336312.90723
"706","non-dac-countries-total","oceania","bilateral",2016,17640000
"707","dac-eu-members-total","unspecified","bilateral",2016,23460400000
"708","dac-eu-members-total","north-of-sahara","bilateral",2016,2504660872.30493
"709","dac-eu-members-total","south-of-sahara","bilateral",2016,12624379127.6951
"710","dac-eu-members-total","north-central-america","bilateral",2016,3706658164.10694
"711","dac-eu-members-total","south-america","bilateral",2016,2185701835.89306
"712","dac-eu-members-total","far-east-asia","bilateral",2016,2892217350.31265
"713","dac-eu-members-total","south-central-asia","bilateral",2016,4579673784.88469
"714","dac-eu-members-total","europe","bilateral",2016,2341700000
"715","dac-eu-members-total","middle-east","bilateral",2016,5061978864.80265
"716","dac-eu-members-total","oceania","bilateral",2016,127380000
"717","world-bank-group","south-of-sahara","bilateral",2016,6459150000
"718","world-bank-group","north-central-america","bilateral",2016,153090000
"719","world-bank-group","south-america","bilateral",2016,72840000
"720","world-bank-group","far-east-asia","bilateral",2016,841220000
"721","world-bank-group","south-central-asia","bilateral",2016,4428850000
"722","world-bank-group","europe","bilateral",2016,110260000
"723","world-bank-group","middle-east","bilateral",2016,93370000
"724","world-bank-group","oceania","bilateral",2016,95280000
"725","international-monetary-fund-total","south-of-sahara","bilateral",2016,847220000
"726","international-monetary-fund-total","north-central-america","bilateral",2016,48250000
"727","international-monetary-fund-total","south-central-asia","bilateral",2016,32700000
"728","international-monetary-fund-total","europe","bilateral",2016,12090000
"729","international-monetary-fund-total","oceania","bilateral",2016,410000
"730","inter-american-development-bank-total","north-central-america","bilateral",2016,517310000
"731","inter-american-development-bank-total","south-america","bilateral",2016,459780000
"732","asian-development-bank-total","far-east-asia","bilateral",2016,712373397.641765
"733","asian-development-bank-total","south-central-asia","bilateral",2016,1924126602.35824
"734","asian-development-bank-total","oceania","bilateral",2016,107230000
"735","african-development-bank-total","north-of-sahara","bilateral",2016,6314152.77535347
"736","african-development-bank-total","south-of-sahara","bilateral",2016,2285885847.22465
"737","united-nations-total","unspecified","bilateral",2016,1339970000
"738","united-nations-total","north-of-sahara","bilateral",2016,70638767.1823744
"739","united-nations-total","south-of-sahara","bilateral",2016,1762411232.81763
"740","united-nations-total","north-central-america","bilateral",2016,130813602.284898
"741","united-nations-total","south-america","bilateral",2016,115926397.715102
"742","united-nations-total","far-east-asia","bilateral",2016,227313134.216306
"743","united-nations-total","south-central-asia","bilateral",2016,670262183.452109
"744","united-nations-total","europe","bilateral",2016,120120000
"745","united-nations-total","middle-east","bilateral",2016,922724682.331585
"746","united-nations-total","oceania","bilateral",2016,43890000
"747","regional-development-banks-total","north-of-sahara","bilateral",2016,16060444.6715692
"748","regional-development-banks-total","south-of-sahara","bilateral",2016,2448609555.32843
"749","regional-development-banks-total","north-central-america","bilateral",2016,544310000
"750","regional-development-banks-total","south-america","bilateral",2016,467420000
"751","regional-development-banks-total","far-east-asia","bilateral",2016,720512774.339595
"752","regional-development-banks-total","south-central-asia","bilateral",2016,1986377328.00263
"753","regional-development-banks-total","europe","bilateral",2016,103770000
"754","regional-development-banks-total","middle-east","bilateral",2016,99589897.6577761
"755","regional-development-banks-total","oceania","bilateral",2016,107700000
"756","world-bank-total","south-of-sahara","bilateral",2016,6459150000
"757","world-bank-total","north-central-america","bilateral",2016,153090000
"758","world-bank-total","south-america","bilateral",2016,72840000
"759","world-bank-total","far-east-asia","bilateral",2016,841220000
"760","world-bank-total","south-central-asia","bilateral",2016,4428850000
"761","world-bank-total","europe","bilateral",2016,110260000
"762","world-bank-total","middle-east","bilateral",2016,93370000
"763","world-bank-total","oceania","bilateral",2016,95280000
"764","other-multilateral-total","unspecified","bilateral",2016,272210000
"765","other-multilateral-total","north-of-sahara","bilateral",2016,409965292.736037
"766","other-multilateral-total","south-of-sahara","bilateral",2016,3987504707.26396
"767","other-multilateral-total","north-central-america","bilateral",2016,269514087.021678
"768","other-multilateral-total","south-america","bilateral",2016,149115912.978322
"769","other-multilateral-total","far-east-asia","bilateral",2016,466528038.636973
"770","other-multilateral-total","south-central-asia","bilateral",2016,1134089094.27095
"771","other-multilateral-total","europe","bilateral",2016,190620000
"772","other-multilateral-total","middle-east","bilateral",2016,138132867.092078
"773","other-multilateral-total","oceania","bilateral",2016,68220000
"774","private-donors-total","unspecified","bilateral",2016,1930140000
"775","private-donors-total","north-of-sahara","bilateral",2016,631779.169566226
"776","private-donors-total","south-of-sahara","bilateral",2016,989768220.830434
"777","private-donors-total","north-central-america","bilateral",2016,22306192.6308985
"778","private-donors-total","south-america","bilateral",2016,42073807.3691015
"779","private-donors-total","far-east-asia","bilateral",2016,49268529.2231485
"780","private-donors-total","south-central-asia","bilateral",2016,400067934.809049
"781","private-donors-total","europe","bilateral",2016,9460000
"782","private-donors-total","middle-east","bilateral",2016,20303535.9678026
"783","private-donors-total","oceania","bilateral",2016,1410000
"784","AE","europe","multilateral",2016,1025713.238
"785","AT","europe","multilateral",2016,102021382.6
"786","AU","europe","multilateral",2016,16142127.51
"787","AZ","europe","multilateral",2016,0
"788","BE","europe","multilateral",2016,170868592.3
"789","BG","europe","multilateral",2016,11915921.3
"790","CA","europe","multilateral",2016,23548074.87
"791","CH","europe","multilateral",2016,13813006.93
"792","CZ","europe","multilateral",2016,48558229.17
"793","DE","europe","multilateral",2016,848816648.3
"794","DK","europe","multilateral",2016,85771354.63
"795","EE","europe","multilateral",2016,6143018.565
"796","ES","europe","multilateral",2016,343698394.4
"797","EU","europe","multilateral",2016,6605280.378
"798","FI","europe","multilateral",2016,67291568.33
"799","FR","europe","multilateral",2016,758011430.6
"800","GB","europe","multilateral",2016,677245255.2
"801","GR","europe","multilateral",2016,56786879.44
"802","HR","europe","multilateral",2016,9865597.5
"803","HU","europe","multilateral",2016,34186210.19
"804","IE","europe","multilateral",2016,62721062.77
"805","IL","europe","multilateral",2016,1405900.775
"806","IS","europe","multilateral",2016,155166.1926
"807","IT","europe","multilateral",2016,536450769.4
"808","JP","europe","multilateral",2016,51745830.22
"809","KR","europe","multilateral",2016,9777055.454
"810","KW","europe","multilateral",2016,0
"811","KZ","europe","multilateral",2016,230288.8759
"812","LI","europe","multilateral",2016,137886.052
"813","LT","europe","multilateral",2016,11114653.04
"814","LU","europe","multilateral",2016,12037008.65
"815","LV","europe","multilateral",2016,6778630.52
"816","MT","europe","multilateral",2016,2639601.794
"817","NL","europe","multilateral",2016,184079982.8
"818","NO","europe","multilateral",2016,18686191.92
"819","NZ","europe","multilateral",2016,1684440.542
"820","PL","europe","multilateral",2016,119630081.1
"821","PT","europe","multilateral",2016,54839190.72
"822","RO","europe","multilateral",2016,41040029.2
"823","RU","europe","multilateral",2016,7510990.393
"824","SE","europe","multilateral",2016,107926648.4
"825","SI","europe","multilateral",2016,12497184.74
"826","SK","europe","multilateral",2016,20934823.94
"827","TH","europe","multilateral",2016,1664687.415
"828","TR","europe","multilateral",2016,3884042.027
"829","TW","europe","multilateral",2016,911834.9077
"830","US","europe","multilateral",2016,114708489.1
"831","all-donors-total","europe","multilateral",2016,4668041563
"832","dac-countries-total","europe","multilateral",2016,4554633081
"833","dac-eu-members-and-ec-total","europe","multilateral",2016,0
"834","dac-eu-members-total","europe","multilateral",2016,0
"835","g7-countries-total","europe","multilateral",2016,0
"836","multilateral-total","europe","multilateral",2016,0
"837","non-dac-countries-total","europe","multilateral",2016,106803201.7
"838","AE","far-east-asia","multilateral",2016,4190960.871
"839","AT","far-east-asia","multilateral",2016,32424489.14
"840","AU","far-east-asia","multilateral",2016,72085947.26
"841","AZ","far-east-asia","multilateral",2016,0
"842","BE","far-east-asia","multilateral",2016,34480714.37
"843","BG","far-east-asia","multilateral",2016,1321706.502
"844","CA","far-east-asia","multilateral",2016,79309951.69
"845","CH","far-east-asia","multilateral",2016,53460918.21
"846","CZ","far-east-asia","multilateral",2016,5243762.086
"847","DE","far-east-asia","multilateral",2016,232652871.9
"848","DK","far-east-asia","multilateral",2016,36821683.09
"849","EE","far-east-asia","multilateral",2016,686597.6822
"850","ES","far-east-asia","multilateral",2016,66443894.31
"851","EU","far-east-asia","multilateral",2016,13213679.83
"852","FI","far-east-asia","multilateral",2016,18683616.06
"853","FR","far-east-asia","multilateral",2016,184920151
"854","GB","far-east-asia","multilateral",2016,328935780.9
"855","GR","far-east-asia","multilateral",2016,5455250.964
"856","HR","far-east-asia","multilateral",2016,947636.8857
"857","HU","far-east-asia","multilateral",2016,3715091.091
"858","IE","far-east-asia","multilateral",2016,13518619.56
"859","IL","far-east-asia","multilateral",2016,8314690.63
"860","IS","far-east-asia","multilateral",2016,634390.085
"861","IT","far-east-asia","multilateral",2016,105508091.4
"862","JP","far-east-asia","multilateral",2016,232565543.6
"863","KR","far-east-asia","multilateral",2016,52584992.94
"864","KW","far-east-asia","multilateral",2016,0
"865","KZ","far-east-asia","multilateral",2016,463256.5094
"866","LI","far-east-asia","multilateral",2016,275817.2852
"867","LT","far-east-asia","multilateral",2016,1069264.358
"868","LU","far-east-asia","multilateral",2016,5326089.618
"869","LV","far-east-asia","multilateral",2016,728123.3212
"870","MT","far-east-asia","multilateral",2016,265035.9536
"871","NL","far-east-asia","multilateral",2016,90319713.26
"872","NO","far-east-asia","multilateral",2016,51750404.71
"873","NZ","far-east-asia","multilateral",2016,4745018.837
"874","PL","far-east-asia","multilateral",2016,16787098.42
"875","PT","far-east-asia","multilateral",2016,6928441.407
"876","RO","far-east-asia","multilateral",2016,4015049.113
"877","RU","far-east-asia","multilateral",2016,33714002.8
"878","SE","far-east-asia","multilateral",2016,74048671.58
"879","SI","far-east-asia","multilateral",2016,1701280.686
"880","SK","far-east-asia","multilateral",2016,2151198.04
"881","TH","far-east-asia","multilateral",2016,10558299.81
"882","TR","far-east-asia","multilateral",2016,22555707.61
"883","TW","far-east-asia","multilateral",2016,1823968.597
"884","US","far-east-asia","multilateral",2016,333673539.1
"885","all-donors-total","far-east-asia","multilateral",2016,2254056105
"886","dac-countries-total","far-east-asia","multilateral",2016,2146877215
"887","dac-eu-members-and-ec-total","far-east-asia","multilateral",2016,0
"888","dac-eu-members-total","far-east-asia","multilateral",2016,0
"889","g7-countries-total","far-east-asia","multilateral",2016,0
"890","multilateral-total","far-east-asia","multilateral",2016,0
"891","non-dac-countries-total","far-east-asia","multilateral",2016,93965209.81
"892","AE","middle-east","multilateral",2016,3433269.534
"893","AT","middle-east","multilateral",2016,37317579.53
"894","AU","middle-east","multilateral",2016,38906950.14
"895","AZ","middle-east","multilateral",2016,0
"896","BE","middle-east","multilateral",2016,71600370.11
"897","BG","middle-east","multilateral",2016,3523146.449
"898","CA","middle-east","multilateral",2016,59343934.94
"899","CH","middle-east","multilateral",2016,48211418.78
"900","CZ","middle-east","multilateral",2016,15804438.18
"901","DE","middle-east","multilateral",2016,331463145.7
"902","DK","middle-east","multilateral",2016,63691609.87
"903","EE","middle-east","multilateral",2016,2041921.257
"904","ES","middle-east","multilateral",2016,113910950.3
"905","EU","middle-east","multilateral",2016,5437136.391
"906","FI","middle-east","multilateral",2016,36315626.52
"907","FR","middle-east","multilateral",2016,272318353.1
"908","GB","middle-east","multilateral",2016,333962526.5
"909","GR","middle-east","multilateral",2016,18201637.59
"910","HR","middle-east","multilateral",2016,2879267.915
"911","HU","middle-east","multilateral",2016,10832014.93
"912","IE","middle-east","multilateral",2016,37323447.42
"913","IL","middle-east","multilateral",2016,3166316.337
"914","IS","middle-east","multilateral",2016,691418.1345
"915","IT","middle-east","multilateral",2016,182106116.3
"916","JP","middle-east","multilateral",2016,115799099
"917","KR","middle-east","multilateral",2016,26302053.35
"918","KW","middle-east","multilateral",2016,0
"919","KZ","middle-east","multilateral",2016,1725728.768
"920","LI","middle-east","multilateral",2016,101588.3002
"921","LT","middle-east","multilateral",2016,3357955.231
"922","LU","middle-east","multilateral",2016,10911536.69
"923","LV","middle-east","multilateral",2016,2141326.457
"924","MT","middle-east","multilateral",2016,826297.4813
"925","NL","middle-east","multilateral",2016,127621326.9
"926","NO","middle-east","multilateral",2016,74871535.76
"927","NZ","middle-east","multilateral",2016,8033969.117
"928","PL","middle-east","multilateral",2016,37700616.81
"929","PT","middle-east","multilateral",2016,17972233.64
"930","RO","middle-east","multilateral",2016,12519013.68
"931","RU","middle-east","multilateral",2016,29089807.49
"932","SE","middle-east","multilateral",2016,116740619.3
"933","SI","middle-east","multilateral",2016,4379585.299
"934","SK","middle-east","multilateral",2016,6994074.646
"935","TH","middle-east","multilateral",2016,2498500.191
"936","TR","middle-east","multilateral",2016,8903879.63
"937","TW","middle-east","multilateral",2016,671799.3369
"938","US","middle-east","multilateral",2016,222988449.3
"939","all-donors-total","middle-east","multilateral",2016,2525231205
"940","dac-countries-total","middle-east","multilateral",2016,2442316638
"941","dac-eu-members-and-ec-total","middle-east","multilateral",2016,0
"942","dac-eu-members-total","middle-east","multilateral",2016,0
"943","g7-countries-total","middle-east","multilateral",2016,0
"944","multilateral-total","middle-east","multilateral",2016,0
"945","non-dac-countries-total","middle-east","multilateral",2016,77477430.69
"946","AE","north-central-america","multilateral",2016,2946011.416
"947","AT","north-central-america","multilateral",2016,22749545.17
"948","AU","north-central-america","multilateral",2016,43408239.47
"949","AZ","north-central-america","multilateral",2016,0
"950","BE","north-central-america","multilateral",2016,30965500.63
"951","BG","north-central-america","multilateral",2016,1632871.817
"952","CA","north-central-america","multilateral",2016,39436924.32
"953","CH","north-central-america","multilateral",2016,24635523.38
"954","CZ","north-central-america","multilateral",2016,6182350.186
"955","DE","north-central-america","multilateral",2016,184925012.4
"956","DK","north-central-america","multilateral",2016,24035013.64
"957","EE","north-central-america","multilateral",2016,775753.1553
"958","ES","north-central-america","multilateral",2016,55584403.75
"959","EU","north-central-america","multilateral",2016,9364067.751
"960","FI","north-central-america","multilateral",2016,14209958.64
"961","FR","north-central-america","multilateral",2016,155487914.4
"962","GB","north-central-america","multilateral",2016,204517231.9
"963","GR","north-central-america","multilateral",2016,7033415.278
"964","HR","north-central-america","multilateral",2016,1239988.395
"965","HU","north-central-america","multilateral",2016,4453799.028
"966","IE","north-central-america","multilateral",2016,10947958.16
"967","IL","north-central-america","multilateral",2016,6129538.04
"968","IS","north-central-america","multilateral",2016,250696.7819
"969","IT","north-central-america","multilateral",2016,96135863.57
"970","JP","north-central-america","multilateral",2016,100053484.7
"971","KR","north-central-america","multilateral",2016,32602360.6
"972","KW","north-central-america","multilateral",2016,0
"973","KZ","north-central-america","multilateral",2016,229736.8788
"974","LI","north-central-america","multilateral",2016,196226.2419
"975","LT","north-central-america","multilateral",2016,1358487.896
"976","LU","north-central-america","multilateral",2016,3303975.653
"977","LV","north-central-america","multilateral",2016,850408.0148
"978","MT","north-central-america","multilateral",2016,336236.0778
"979","NL","north-central-america","multilateral",2016,48428861.11
"980","NO","north-central-america","multilateral",2016,28738887.53
"981","NZ","north-central-america","multilateral",2016,2504404.443
"982","PL","north-central-america","multilateral",2016,18746345.73
"983","PT","north-central-america","multilateral",2016,7945320.726
"984","RO","north-central-america","multilateral",2016,5188733.411
"985","RU","north-central-america","multilateral",2016,21672450.86
"986","SE","north-central-america","multilateral",2016,40949652.12
"987","SI","north-central-america","multilateral",2016,1729420.45
"988","SK","north-central-america","multilateral",2016,2669046.877
"989","TH","north-central-america","multilateral",2016,7871266.754
"990","TR","north-central-america","multilateral",2016,16392509.09
"991","TW","north-central-america","multilateral",2016,1297636.234
"992","US","north-central-america","multilateral",2016,180873775.9
"993","all-donors-total","north-central-america","multilateral",2016,1472373711
"994","dac-countries-total","north-central-america","multilateral",2016,1393504887
"995","dac-eu-members-and-ec-total","north-central-america","multilateral",2016,0
"996","dac-eu-members-total","north-central-america","multilateral",2016,0
"997","g7-countries-total","north-central-america","multilateral",2016,0
"998","multilateral-total","north-central-america","multilateral",2016,0
"999","non-dac-countries-total","north-central-america","multilateral",2016,69504756.98
"1000","AE","north-of-sahara","multilateral",2016,809822.5898
"1001","AT","north-of-sahara","multilateral",2016,34428881.92
"1002","AU","north-of-sahara","multilateral",2016,12933628.52
"1003","AZ","north-of-sahara","multilateral",2016,0
"1004","BE","north-of-sahara","multilateral",2016,60754027.91
"1005","BG","north-of-sahara","multilateral",2016,3994511.509
"1006","CA","north-of-sahara","multilateral",2016,28339630.92
"1007","CH","north-of-sahara","multilateral",2016,10687794.03
"1008","CZ","north-of-sahara","multilateral",2016,16379470.62
"1009","DE","north-of-sahara","multilateral",2016,309837064.2
"1010","DK","north-of-sahara","multilateral",2016,30642448.16
"1011","EE","north-of-sahara","multilateral",2016,2058509.421
"1012","ES","north-of-sahara","multilateral",2016,114524014.2
"1013","EU","north-of-sahara","multilateral",2016,14491289.89
"1014","FI","north-of-sahara","multilateral",2016,23024583.1
"1015","FR","north-of-sahara","multilateral",2016,281037759.8
"1016","GB","north-of-sahara","multilateral",2016,299328994.5
"1017","GR","north-of-sahara","multilateral",2016,19146850.58
"1018","HR","north-of-sahara","multilateral",2016,3387835.338
"1019","HU","north-of-sahara","multilateral",2016,11806802.56
"1020","IE","north-of-sahara","multilateral",2016,22367177.35
"1021","IL","north-of-sahara","multilateral",2016,379714.0178
"1022","IS","north-of-sahara","multilateral",2016,87236.22066
"1023","IT","north-of-sahara","multilateral",2016,183742690.2
"1024","JP","north-of-sahara","multilateral",2016,40795860.71
"1025","KR","north-of-sahara","multilateral",2016,4058461.587
"1026","KW","north-of-sahara","multilateral",2016,0
"1027","KZ","north-of-sahara","multilateral",2016,173631.2618
"1028","LI","north-of-sahara","multilateral",2016,305078.9491
"1029","LT","north-of-sahara","multilateral",2016,3728120.605
"1030","LU","north-of-sahara","multilateral",2016,4447311.953
"1031","LV","north-of-sahara","multilateral",2016,2281109.964
"1032","MT","north-of-sahara","multilateral",2016,905096.3673
"1033","NL","north-of-sahara","multilateral",2016,68277475.42
"1034","NO","north-of-sahara","multilateral",2016,21875976.69
"1035","NZ","north-of-sahara","multilateral",2016,1658578.984
"1036","PL","north-of-sahara","multilateral",2016,39865137.32
"1037","PT","north-of-sahara","multilateral",2016,18328680.31
"1038","RO","north-of-sahara","multilateral",2016,13757746.52
"1039","RU","north-of-sahara","multilateral",2016,3892771.919
"1040","SE","north-of-sahara","multilateral",2016,45984142.04
"1041","SI","north-of-sahara","multilateral",2016,4261059.785
"1042","SK","north-of-sahara","multilateral",2016,7134967.144
"1043","TH","north-of-sahara","multilateral",2016,424810.1991
"1044","TR","north-of-sahara","multilateral",2016,1190328.96
"1045","TW","north-of-sahara","multilateral",2016,2017474.802
"1046","US","north-of-sahara","multilateral",2016,174500764.6
"1047","all-donors-total","north-of-sahara","multilateral",2016,1944409242
"1048","dac-countries-total","north-of-sahara","multilateral",2016,1890257471
"1049","dac-eu-members-and-ec-total","north-of-sahara","multilateral",2016,0
"1050","dac-eu-members-total","north-of-sahara","multilateral",2016,0
"1051","g7-countries-total","north-of-sahara","multilateral",2016,0
"1052","multilateral-total","north-of-sahara","multilateral",2016,0
"1053","non-dac-countries-total","north-of-sahara","multilateral",2016,39660480.63
"1054","AE","oceania","multilateral",2016,644601.1433
"1055","AT","oceania","multilateral",2016,4678419.63
"1056","AU","oceania","multilateral",2016,10498322
"1057","AZ","oceania","multilateral",2016,0
"1058","BE","oceania","multilateral",2016,5631649.449
"1059","BG","oceania","multilateral",2016,205399.0092
"1060","CA","oceania","multilateral",2016,11231725.68
"1061","CH","oceania","multilateral",2016,7815905.365
"1062","CZ","oceania","multilateral",2016,827965.3459
"1063","DE","oceania","multilateral",2016,34840871.37
"1064","DK","oceania","multilateral",2016,5814336.477
"1065","EE","oceania","multilateral",2016,106159.2243
"1066","ES","oceania","multilateral",2016,9616764.935
"1067","EU","oceania","multilateral",2016,1661833.974
"1068","FI","oceania","multilateral",2016,2956635.386
"1069","FR","oceania","multilateral",2016,27150883.31
"1070","GB","oceania","multilateral",2016,45782199.98
"1071","GR","oceania","multilateral",2016,869210.9242
"1072","HR","oceania","multilateral",2016,145793.0386
"1073","HU","oceania","multilateral",2016,571322.4191
"1074","IE","oceania","multilateral",2016,2192945.566
"1075","IL","oceania","multilateral",2016,1262784.892
"1076","IS","oceania","multilateral",2016,89980.03222
"1077","IT","oceania","multilateral",2016,15997288.64
"1078","JP","oceania","multilateral",2016,31980149.51
"1079","KR","oceania","multilateral",2016,7666916.905
"1080","KW","oceania","multilateral",2016,0
"1081","KZ","oceania","multilateral",2016,86495.20897
"1082","LI","oceania","multilateral",2016,34469.54331
"1083","LT","oceania","multilateral",2016,166064.5931
"1084","LU","oceania","multilateral",2016,838087.9148
"1085","LV","oceania","multilateral",2016,111683.2635
"1086","MT","oceania","multilateral",2016,41434.28272
"1087","NL","oceania","multilateral",2016,12955553.86
"1088","NO","oceania","multilateral",2016,7889783.885
"1089","NZ","oceania","multilateral",2016,744827.995
"1090","PL","oceania","multilateral",2016,2607557.862
"1091","PT","oceania","multilateral",2016,1088517.786
"1092","RO","oceania","multilateral",2016,633008.1407
"1093","RU","oceania","multilateral",2016,5145024.469
"1094","SE","oceania","multilateral",2016,11117514.19
"1095","SI","oceania","multilateral",2016,269669.0953
"1096","SK","oceania","multilateral",2016,342314.6344
"1097","TH","oceania","multilateral",2016,1584098.046
"1098","TR","oceania","multilateral",2016,3413137.849
"1099","TW","oceania","multilateral",2016,227945.7015
"1100","US","oceania","multilateral",2016,46434015.82
"1101","all-donors-total","oceania","multilateral",2016,326363825.1
"1102","dac-countries-total","oceania","multilateral",2016,310501336
"1103","dac-eu-members-and-ec-total","oceania","multilateral",2016,0
"1104","dac-eu-members-total","oceania","multilateral",2016,0
"1105","g7-countries-total","oceania","multilateral",2016,0
"1106","multilateral-total","oceania","multilateral",2016,0
"1107","non-dac-countries-total","oceania","multilateral",2016,14200655.12
"1108","AE","south-america","multilateral",2016,2317650.363
"1109","AT","south-america","multilateral",2016,18646966.89
"1110","AU","south-america","multilateral",2016,33558187.05
"1111","AZ","south-america","multilateral",2016,0
"1112","BE","south-america","multilateral",2016,26157538.73
"1113","BG","south-america","multilateral",2016,1334006.687
"1114","CA","south-america","multilateral",2016,25425572.29
"1115","CH","south-america","multilateral",2016,18805163.32
"1116","CZ","south-america","multilateral",2016,5050513.856
"1117","DE","south-america","multilateral",2016,146335661.7
"1118","DK","south-america","multilateral",2016,20125985
"1119","EE","south-america","multilateral",2016,627544.2541
"1120","ES","south-america","multilateral",2016,44884540.01
"1121","EU","south-america","multilateral",2016,2712344.56
"1122","FI","south-america","multilateral",2016,11944805.1
"1123","FR","south-america","multilateral",2016,118013251.2
"1124","GB","south-america","multilateral",2016,137905855.1
"1125","GR","south-america","multilateral",2016,5699582.946
"1126","HR","south-america","multilateral",2016,975793.8276
"1127","HU","south-america","multilateral",2016,3481181.326
"1128","IE","south-america","multilateral",2016,8608000.375
"1129","IL","south-america","multilateral",2016,5224404.673
"1130","IS","south-america","multilateral",2016,181735.0392
"1131","IT","south-america","multilateral",2016,78701716.09
"1132","JP","south-america","multilateral",2016,73366135.86
"1133","KR","south-america","multilateral",2016,26512595.19
"1134","KW","south-america","multilateral",2016,0
"1135","KZ","south-america","multilateral",2016,173032.5582
"1136","LI","south-america","multilateral",2016,56012.02758
"1137","LT","south-america","multilateral",2016,1100531.791
"1138","LU","south-america","multilateral",2016,2607981.614
"1139","LV","south-america","multilateral",2016,683542.6356
"1140","MT","south-america","multilateral",2016,266123.7908
"1141","NL","south-america","multilateral",2016,36164998.09
"1142","NO","south-america","multilateral",2016,18417309.49
"1143","NZ","south-america","multilateral",2016,1735205.04
"1144","PL","south-america","multilateral",2016,15482743.63
"1145","PT","south-america","multilateral",2016,6535964.903
"1146","RO","south-america","multilateral",2016,4233244.654
"1147","RU","south-america","multilateral",2016,17670774.63
"1148","SE","south-america","multilateral",2016,30060646.49
"1149","SI","south-america","multilateral",2016,1435574.566
"1150","SK","south-america","multilateral",2016,2136081.388
"1151","TH","south-america","multilateral",2016,6693446.918
"1152","TR","south-america","multilateral",2016,13893350.8
"1153","TW","south-america","multilateral",2016,370405.2822
"1154","US","south-america","multilateral",2016,100138431.5
"1155","all-donors-total","south-america","multilateral",2016,1077417148
"1156","dac-countries-total","south-america","multilateral",2016,1018119924
"1157","dac-eu-members-and-ec-total","south-america","multilateral",2016,0
"1158","dac-eu-members-total","south-america","multilateral",2016,0
"1159","g7-countries-total","south-america","multilateral",2016,0
"1160","multilateral-total","south-america","multilateral",2016,0
"1161","non-dac-countries-total","south-america","multilateral",2016,56584879.31
"1162","AE","south-central-asia","multilateral",2016,11823953.26
"1163","AT","south-central-asia","multilateral",2016,121057715.4
"1164","AU","south-central-asia","multilateral",2016,231694652
"1165","AZ","south-central-asia","multilateral",2016,0
"1166","BE","south-central-asia","multilateral",2016,104966569.3
"1167","BG","south-central-asia","multilateral",2016,4744352.411
"1168","CA","south-central-asia","multilateral",2016,277259826.2
"1169","CH","south-central-asia","multilateral",2016,190616660.6
"1170","CZ","south-central-asia","multilateral",2016,19528390.25
"1171","DE","south-central-asia","multilateral",2016,792040228.9
"1172","DK","south-central-asia","multilateral",2016,123657508.7
"1173","EE","south-central-asia","multilateral",2016,2697360.029
"1174","ES","south-central-asia","multilateral",2016,262360285.1
"1175","EU","south-central-asia","multilateral",2016,40265611.49
"1176","FI","south-central-asia","multilateral",2016,63606921.86
"1177","FR","south-central-asia","multilateral",2016,644811237.3
"1178","GB","south-central-asia","multilateral",2016,1222863648
"1179","GR","south-central-asia","multilateral",2016,20358838.89
"1180","HR","south-central-asia","multilateral",2016,3545108.753
"1181","HU","south-central-asia","multilateral",2016,13944313.04
"1182","IE","south-central-asia","multilateral",2016,47881495.91
"1183","IL","south-central-asia","multilateral",2016,23037519.91
"1184","IS","south-central-asia","multilateral",2016,2548102.583
"1185","IT","south-central-asia","multilateral",2016,366147965.5
"1186","JP","south-central-asia","multilateral",2016,889242719.8
"1187","KR","south-central-asia","multilateral",2016,171141003.2
"1188","KW","south-central-asia","multilateral",2016,0
"1189","KZ","south-central-asia","multilateral",2016,1365549.134
"1190","LI","south-central-asia","multilateral",2016,840846.5596
"1191","LT","south-central-asia","multilateral",2016,4135268.508
"1192","LU","south-central-asia","multilateral",2016,18936968.66
"1193","LV","south-central-asia","multilateral",2016,2857068.641
"1194","MT","south-central-asia","multilateral",2016,981274.112
"1195","NL","south-central-asia","multilateral",2016,361106810.2
"1196","NO","south-central-asia","multilateral",2016,166204216.6
"1197","NZ","south-central-asia","multilateral",2016,15376939.52
"1198","PL","south-central-asia","multilateral",2016,57872855.52
"1199","PT","south-central-asia","multilateral",2016,24522199.2
"1200","RO","south-central-asia","multilateral",2016,14881292.42
"1201","RU","south-central-asia","multilateral",2016,103165332.8
"1202","SE","south-central-asia","multilateral",2016,269655603.7
"1203","SI","south-central-asia","multilateral",2016,6061525.578
"1204","SK","south-central-asia","multilateral",2016,7933871.933
"1205","TH","south-central-asia","multilateral",2016,29283842.84
"1206","TR","south-central-asia","multilateral",2016,63428548.22
"1207","TW","south-central-asia","multilateral",2016,5560484.429
"1208","US","south-central-asia","multilateral",2016,1116789167
"1209","all-donors-total","south-central-asia","multilateral",2016,7935115506
"1210","dac-countries-total","south-central-asia","multilateral",2016,7610188240
"1211","dac-eu-members-and-ec-total","south-central-asia","multilateral",2016,0
"1212","dac-eu-members-total","south-central-asia","multilateral",2016,0
"1213","g7-countries-total","south-central-asia","multilateral",2016,0
"1214","multilateral-total","south-central-asia","multilateral",2016,0
"1215","non-dac-countries-total","south-central-asia","multilateral",2016,284661654.2
"1216","AE","south-of-sahara","multilateral",2016,22052232.67
"1217","AT","south-of-sahara","multilateral",2016,229610083.3
"1218","AU","south-of-sahara","multilateral",2016,414657326.7
"1219","AZ","south-of-sahara","multilateral",2016,0
"1220","BE","south-of-sahara","multilateral",2016,273655344
"1221","BG","south-of-sahara","multilateral",2016,12549069.41
"1222","CA","south-of-sahara","multilateral",2016,623511297.7
"1223","CH","south-of-sahara","multilateral",2016,359161445.7
"1224","CZ","south-of-sahara","multilateral",2016,53592791.13
"1225","DE","south-of-sahara","multilateral",2016,1810721042
"1226","DK","south-of-sahara","multilateral",2016,254829258.4
"1227","EE","south-of-sahara","multilateral",2016,7030045.099
"1228","ES","south-of-sahara","multilateral",2016,548173809.9
"1229","EU","south-of-sahara","multilateral",2016,173635968.1
"1230","FI","south-of-sahara","multilateral",2016,136022396.3
"1231","FR","south-of-sahara","multilateral",2016,1557231429
"1232","GB","south-of-sahara","multilateral",2016,2828010396
"1233","GR","south-of-sahara","multilateral",2016,58786587.32
"1234","HR","south-of-sahara","multilateral",2016,10636903.15
"1235","HU","south-of-sahara","multilateral",2016,40347344.2
"1236","IE","south-of-sahara","multilateral",2016,121484629.6
"1237","IL","south-of-sahara","multilateral",2016,31206174.8
"1238","IS","south-of-sahara","multilateral",2016,4456424.094
"1239","IT","south-of-sahara","multilateral",2016,828715184.3
"1240","JP","south-of-sahara","multilateral",2016,1583151036
"1241","KR","south-of-sahara","multilateral",2016,258883218.7
"1242","KW","south-of-sahara","multilateral",2016,0
"1243","KZ","south-of-sahara","multilateral",2016,3779281.217
"1244","LI","south-of-sahara","multilateral",2016,3642310.121
"1245","LT","south-of-sahara","multilateral",2016,11469799.57
"1246","LU","south-of-sahara","multilateral",2016,40644104.06
"1247","LV","south-of-sahara","multilateral",2016,7610169.814
"1248","MT","south-of-sahara","multilateral",2016,2908682.412
"1249","NL","south-of-sahara","multilateral",2016,716620170.3
"1250","NO","south-of-sahara","multilateral",2016,422207574
"1251","NZ","south-of-sahara","multilateral",2016,36487398.02
"1252","PL","south-of-sahara","multilateral",2016,138586809.9
"1253","PT","south-of-sahara","multilateral",2016,61897933.98
"1254","RO","south-of-sahara","multilateral",2016,41573733.6
"1255","RU","south-of-sahara","multilateral",2016,170060692.9
"1256","SE","south-of-sahara","multilateral",2016,575123815.9
"1257","SI","south-of-sahara","multilateral",2016,15859833.17
"1258","SK","south-of-sahara","multilateral",2016,23122209.59
"1259","TH","south-of-sahara","multilateral",2016,38599109.76
"1260","TR","south-of-sahara","multilateral",2016,87791164.52
"1261","TW","south-of-sahara","multilateral",2016,24086450.11
"1262","US","south-of-sahara","multilateral",2016,2992087361
"1263","all-donors-total","south-of-sahara","multilateral",2016,17676177667
"1264","dac-countries-total","south-of-sahara","multilateral",2016,17007638255
"1265","dac-eu-members-and-ec-total","south-of-sahara","multilateral",2016,0
"1266","dac-eu-members-total","south-of-sahara","multilateral",2016,0
"1267","g7-countries-total","south-of-sahara","multilateral",2016,0
"1268","multilateral-total","south-of-sahara","multilateral",2016,0
"1269","non-dac-countries-total","south-of-sahara","multilateral",2016,494903444.3
"1270","AE","unspecified","multilateral",2016,20545784.92
"1271","AT","unspecified","multilateral",2016,46304936.39
"1272","AU","unspecified","multilateral",2016,113184619.4
"1273","AZ","unspecified","multilateral",2016,0
"1274","BE","unspecified","multilateral",2016,95919693.17
"1275","BG","unspecified","multilateral",2016,14229014.91
"1276","CA","unspecified","multilateral",2016,102623061.4
"1277","CH","unspecified","multilateral",2016,82782163.65
"1278","CZ","unspecified","multilateral",2016,17672089.18
"1279","DE","unspecified","multilateral",2016,407717453.1
"1280","DK","unspecified","multilateral",2016,89700801.96
"1281","EE","unspecified","multilateral",2016,2653091.313
"1282","ES","unspecified","multilateral",2016,121372943
"1283","EU","unspecified","multilateral",2016,6592787.619
"1284","FI","unspecified","multilateral",2016,47143888.67
"1285","FR","unspecified","multilateral",2016,316777590.5
"1286","GB","unspecified","multilateral",2016,457178112
"1287","GR","unspecified","multilateral",2016,17031746.08
"1288","HR","unspecified","multilateral",2016,3536075.196
"1289","HU","unspecified","multilateral",2016,21001921.22
"1290","IE","unspecified","multilateral",2016,48534663.25
"1291","IL","unspecified","multilateral",2016,14712955.93
"1292","IS","unspecified","multilateral",2016,1934850.837
"1293","IT","unspecified","multilateral",2016,273634314.5
"1294","JP","unspecified","multilateral",2016,249630140.1
"1295","KR","unspecified","multilateral",2016,108161342
"1296","KW","unspecified","multilateral",2016,0
"1297","KZ","unspecified","multilateral",2016,2772999.588
"1298","LI","unspecified","multilateral",2016,119764.9206
"1299","LT","unspecified","multilateral",2016,5779854.403
"1300","LU","unspecified","multilateral",2016,17156935.19
"1301","LV","unspecified","multilateral",2016,2727937.368
"1302","MT","unspecified","multilateral",2016,760217.7288
"1303","NL","unspecified","multilateral",2016,163105108
"1304","NO","unspecified","multilateral",2016,118148119.3
"1305","NZ","unspecified","multilateral",2016,13069217.5
"1306","PL","unspecified","multilateral",2016,66850753.74
"1307","PT","unspecified","multilateral",2016,18241517.32
"1308","RO","unspecified","multilateral",2016,22028149.25
"1309","RU","unspecified","multilateral",2016,98998151.77
"1310","SE","unspecified","multilateral",2016,170552686.3
"1311","SI","unspecified","multilateral",2016,5254866.626
"1312","SK","unspecified","multilateral",2016,6891411.804
"1313","TH","unspecified","multilateral",2016,14771938.06
"1314","TR","unspecified","multilateral",2016,28697331.3
"1315","TW","unspecified","multilateral",2016,792000.5961
"1316","US","unspecified","multilateral",2016,599676007.5
"1317","all-donors-total","unspecified","multilateral",2016,4038714029
"1318","dac-countries-total","unspecified","multilateral",2016,3797252954
"1319","dac-eu-members-and-ec-total","unspecified","multilateral",2016,0
"1320","dac-eu-members-total","unspecified","multilateral",2016,0
"1321","g7-countries-total","unspecified","multilateral",2016,0
"1322","multilateral-total","unspecified","multilateral",2016,0
"1323","non-dac-countries-total","unspecified","multilateral",2016,234868287.3
